COMUNIDAD;PROVINCIA;MUNICIPIO;SUP M2;FECHA APERTURA;TIENDA;TARIFA;ROL;Nivel de surtido;CV 2022;PROG;CV 2021;PROG;CV 2020
COMUNIDAD DE MADRID;MADRID;MADRID;367;28.09.16;PXM SAN BERNARDINO, 4;PLUS;URB.RESIDENCIAL;NACIONAL4;3’323’134.72 €;11%;2’951’175.07 €;-10%;3’234’250.42 €
COMUNIDAD DE MADRID;MADRID;MADRID;494;21.09.21;PXM CÁCERES, 23;ESTANDAR;URB.RESIDENCIAL;NACIONAL3;2’752’472.46 €;72%;777’781.29 €;100%; -   € 
COMUNIDAD DE MADRID;MADRID;MADRID;468;14.04.16;PXM HERMOSILLA Nº 28;XPLUS;URB.RESIDENCIAL;NACIONAL4;2’701’810.57 €;24%;2’041’424.95 €;-3%;2’102’457.32 €
COMUNIDAD DE MADRID;MADRID;MADRID;622;27.01.17;PXM CEA BERMUDEZ3, 53;PLUS;URB.RESIDENCIAL;NACIONAL4;2’682’340.01 €;-2%;2’743’937.27 €;-17%;3’204’493.03 €
ANDALUCÍA;CÁDIZ;CADIZ;522;03.09.21;PXCA GARCIA CARRERA, 24;ESTANDAR;URB.RESIDENCIAL;NACIONAL3;2’349’355.57 €;68%;749’250.19 €;100%; -   € 
CASTILLA Y LEÓN;ZAMORA;GALENDE;639;31.10.13;PXZA EL PUENTE DE SANABRIA;ESTANDAR;RURAL;NACIONAL3;2’322’282.65 €;15%;1’977’795.22 €;-23%;2’442’435.36 €
COMUNIDAD DE MADRID;MADRID;MADRID;300;28.07.16;PXM SANTA ISABEL 28-30;PLUS;URB.RESIDENCIAL;NACIONAL4;2’269’515.97 €;15%;1’933’193.38 €;0%;1’924’585.23 €
ANDALUCÍA;MÁLAGA;RINCON DE LA VICTORIA;393;25.05.21;PXMA REDING, 10;ESTANDAR;URB.RESIDENCIAL;NACIONAL4;2’257’910.42 €;47%;1’197’687.86 €;100%; -   € 
COMUNIDAD DE MADRID;MADRID;MADRID;104;15.04.15;PXM CALLE MONTERA;XPLUS;CONVENIENCIA;NACIONAL5;2’155’834.67 €;37%;1’359’287.30 €;28%;981’170.24 €
COMUNIDAD DE MADRID;MADRID;GALAPAGAR;415;26.05.21;PXM COLLADO VILLALBA - BATALLA BAILÉN 2;ESTANDAR;URB.RESIDENCIAL;NACIONAL4;2’127’950.10 €;50%;1’067’082.90 €;100%; -   € 
COMUNIDAD DE MADRID;MADRID;MADRID;253;10.06.21;PXM ILLESCAS, 197;ESTANDAR;URB.RESIDENCIAL;NACIONAL5;2’071’369.03 €;51%;1’025’265.43 €;100%; -   € 
ANDALUCÍA;CÁDIZ;ALGECIRAS;449;06.08.21;PXCA ALGECIRAS ALFONSO XI, 19;ESTANDAR;URB.RESIDENCIAL;NACIONAL4;2’028’324.47 €;65%;716’679.48 €;100%; -   € 
COMUNIDAD DE MADRID;MADRID;MADRID;130;31.01.19;PXM CALLE VILLANUEVA, 24;XPLUS;URB.COMERCIAL;NACIONAL6;2’027’476.02 €;22%;1’584’293.10 €;15%;1’346’857.29 €
ANDALUCÍA;MÁLAGA;RINCON DE LA VICTORIA;344;24.06.21;PXMA AVDA PIO BAROJA, 6;ESTANDAR;URB.RESIDENCIAL;NACIONAL4;2’020’591.54 €;52%;970’594.72 €;100%; -   € 
COMUNIDAD DE MADRID;MADRID;MADRID;488;01.06.17;PXM CONDE DUQUE 1;PLUS;URB.RESIDENCIAL;NACIONAL4;2’018’590.00 €;7%;1’869’040.92 €;-14%;2’139’629.07 €
COMUNIDAD DE MADRID;MADRID;MADRID;156;02.11.17;PXM ZURBANO2;XPLUS;URB.COMERCIAL;NACIONAL6;1’994’909.65 €;15%;1’697’673.40 €;2%;1’667’373.22 €
ANDALUCÍA;MÁLAGA;VELEZ-MALAGA;690;06.07.21;PXMA TORRE DEL MAR DR FLEMING;ESTANDAR;URB.RESIDENCIAL;NACIONAL3;1’961’314.83 €;54%;901’409.32 €;100%; -   € 
COMUNIDAD DE MADRID;MADRID;MADRID;482;25.08.21;PXM JUAN RAMÓN JIMENEZ;PLUS;URB.RESIDENCIAL;NACIONAL5;1’949’254.38 €;67%;644’834.58 €;100%; -   € 
ANDALUCÍA;SEVILLA;SEVILLA;420;25.11.21;PXSE PLAZA DE LA ALFALFA;PLUS;URB.RESIDENCIAL;NACIONAL5;1’946’066.38 €;90%;201’414.33 €;100%; -   € 
ANDALUCÍA;GRANADA;GUADIX;772;08.07.21;PXGR GUADIX PEDRO DE MENDOZA Y LUJAN;ESTANDAR;RURAL;NACIONAL3;1’868’231.92 €;51%;920’302.20 €;100%; -   € 
COMUNIDAD DE MADRID;MADRID;MADRID;419;13.08.21;PXM CIUDAD DE BARCELONA, 142;ESTANDAR;URB.RESIDENCIAL;NACIONAL4;1’867’819.90 €;60%;738’114.53 €;100%; -   € 
COMUNIDAD DE MADRID;MADRID;MADRID;208;30.07.20;PXM RAMONET 5;PLUS;URB.RESIDENCIAL;NACIONAL4;1’841’363.97 €;11%;1’645’064.51 €;58%;695’659.76 €
COMUNIDAD DE MADRID;MADRID;MADRID;493;20.07.21;PXM FERMÍN CABALLERO 10;ESTANDAR;URB.RESIDENCIAL;NACIONAL4;1’810’524.79 €;59%;739’675.16 €;100%; -   € 
ANDALUCÍA;MÁLAGA;RINCON DE LA VICTORIA;584;01.06.21;PXMA MALAGA CUARTELES 49;ESTANDAR;URB.RESIDENCIAL;NACIONAL4;1’771’834.51 €;49%;909’338.78 €;100%; -   € 
ANDALUCÍA;MÁLAGA;RINCON DE LA VICTORIA;187;05.11.21;PXMA PLAZA DE LA MERCED;XPLUS;URB.COMERCIAL;NACIONAL5;1’770’560.38 €;89%;196’484.12 €;100%; -   € 
COMUNIDAD DE MADRID;MADRID;MADRID;100;10.08.12;PXM CALLE MAYOR 46;XPLUS;CONVENIENCIA;NACIONAL7;1’761’557.91 €;28%;1’261’505.15 €;15%;1’068’668.21 €
ANDALUCÍA;GRANADA;CADIAR;374;16.04.21;PXGR CADIAR 2;AGRESIVA;RURAL;NACIONAL5;1’758’933.15 €;35%;1’149’681.58 €;100%; -   € 
COMUNIDAD DE MADRID;MADRID;MADRID;127;27.01.16;PXM CALLE TOLEDO;XPLUS;URB.COMERCIAL;NACIONAL5;1’747’772.61 €;16%;1’464’411.53 €;0%;1’460’827.48 €
ANDALUCÍA;MÁLAGA;VELEZ-MALAGA;693;07.07.21;PXMA TORRE DEL MAR PRINCESA, 6;ESTANDAR;URB.RESIDENCIAL;NACIONAL3;1’747’510.57 €;54%;805’512.47 €;100%; -   € 
COMUNIDAD DE MADRID;MADRID;MADRID;254;30.11.11;PXM BEJAR;ESTANDAR;URB.RESIDENCIAL;NACIONAL5;1’737’097.09 €;6%;1’638’130.15 €;-5%;1’728’115.81 €
ANDALUCÍA;GRANADA;GRANADA;126;28.12.17;PXGR GRAN VÍA DE COLÓN, 11;PLUS;URB.COMERCIAL;NACIONAL6;1’734’675.70 €;24%;1’321’394.54 €;8%;1’219’025.11 €
ANDALUCÍA;GRANADA;MOTRIL;347;03.11.21;PXGR MOTRIL CAPUCHINO, 8;ESTANDAR;URB.RESIDENCIAL;NACIONAL4;1’733’920.86 €;85%;264’613.63 €;100%; -   € 
COMUNIDAD DE MADRID;MADRID;MADRID;296;11.12.20;PXM SAN BERNARDO3, 83;PLUS;URB.COMERCIAL;NACIONAL3;1’733’169.30 €;10%;1’564’489.73 €;95%;75’158.20 €
COMUNIDAD DE MADRID;MADRID;MADRID;554;30.11.21;PXM MARTIN DE LOS HEROS 33;PLUS;URB.RESIDENCIAL;NACIONAL4;1’730’291.18 €;91%;155’936.35 €;100%; -   € 
CASTILLA Y LEÓN;SALAMANCA;SALAMANCA;223;23.11.18;PXSA AVDA. PORTUGAL2, 119;PLUS;URB.RESIDENCIAL;NACIONAL5;1’716’837.94 €;22%;1’344’967.79 €;-5%;1’409’708.83 €
COMUNIDAD DE MADRID;MADRID;MADRID;487;27.04.21;PXM MARQUÉS JURA REAL;ESTANDAR;URB.RESIDENCIAL;NACIONAL3;1’670’816.74 €;40%;1’000’043.50 €;100%; -   € 
ANDALUCÍA;MÁLAGA;MANILVA;443;30.09.21;PXMA SABINILLAS -  AVDA MANILVA, 1;ESTANDAR;URB.RESIDENCIAL;NACIONAL5;1’659’026.09 €;79%;347’356.25 €;100%; -   € 
ANDALUCÍA;MÁLAGA;RINCON DE LA VICTORIA;110;06.09.19;PXMA ESPECERIA, 7;PLUS;CONVENIENCIA;NACIONAL7;1’640’607.86 €;22%;1’281’643.42 €;14%;1’099’549.23 €
COMUNIDAD DE MADRID;MADRID;LOZOYUELA-NAVAS-SIETEIGLESIAS;262;02.02.11;PXM LOZOYUELA;ESTANDAR;RURAL;NACIONAL4;1’637’539.54 €;13%;1’429’960.85 €;-14%;1’629’979.02 €
CASTILLA Y LEÓN;SALAMANCA;SALAMANCA;218;24.02.17;PXSA AVDA. COMUNEROS, 6;ESTANDAR;URB.RESIDENCIAL;NACIONAL5;1’628’325.85 €;7%;1’512’298.27 €;-2%;1’539’022.67 €
ANDALUCÍA;MÁLAGA;RINCON DE LA VICTORIA;456;06.07.21;PXMA CTRA. ALMERÍA, 19-21;ESTANDAR;URB.RESIDENCIAL;NACIONAL4;1’618’048.42 €;56%;717’815.48 €;100%; -   € 
COMUNIDAD DE MADRID;MADRID;CERCEDILLA;525;02.09.21;PXM CERCEDILLA MARÍA MINGUEZ, 7;ESTANDAR;URB.RESIDENCIAL;NACIONAL4;1’612’868.05 €;69%;493’663.19 €;100%; -   € 
ANDALUCÍA;MÁLAGA;RINCON DE LA VICTORIA;352;22.12.21;PXMA ATARAZANAS;PLUS;URB.RESIDENCIAL;NACIONAL5;1’609’681.87 €;97%;44’092.22 €;100%; -   € 
COMUNIDAD DE MADRID;MADRID;MADRID;244;11.09.20;PXM AGASTIA3 100;PLUS;URB.RESIDENCIAL;NACIONAL5;1’597’767.22 €;7%;1’489’748.38 €;66%;507’348.58 €
ANDALUCÍA;GRANADA;GRANADA;253;06.09.17;PXGR SAN JUAN DE DIOS;ESTANDAR;URB.COMERCIAL;NACIONAL5;1’597’236.63 €;24%;1’215’988.47 €;2%;1’191’211.05 €
CATALUÑA;BARCELONA;BADALONA;294;08.03.16;PXB BADALONA - MARTI I PUJOL2, 27;PLUS;URB.RESIDENCIAL;NACIONAL5;1’584’725.38 €;7%;1’473’229.76 €;-5%;1’544’042.38 €
ANDALUCÍA;GRANADA;GRANADA;415;28.09.21;PXGR PLAZA DE LOS CAMPOS 4;ESTANDAR;URB.RESIDENCIAL;NACIONAL5;1’575’849.53 €;75%;394’657.31 €;100%; -   € 
COMUNIDAD DE MADRID;MADRID;MADRID;279;25.05.21;PXM ARTURO SORIA, 310;PLUS;URB.RESIDENCIAL;NACIONAL4;1’562’964.63 €;43%;897’983.51 €;100%; -   € 
ANDALUCÍA;SEVILLA;SEVILLA;359;10.06.21;PXSE AVDA DEL GRECO, 14;ESTANDAR;URB.RESIDENCIAL;NACIONAL4;1’557’319.59 €;50%;777’293.21 €;100%; -   € 
COMUNIDAD DE MADRID;MADRID;MADRID;144;01.06.18;PXM HORTALEZA2, 65;PLUS;URB.COMERCIAL;NACIONAL6;1’548’083.79 €;12%;1’365’264.53 €;0%;1’362’524.31 €
CATALUÑA;BARCELONA;BARCELONA;303;12.04.18;PXB CAMELIAS, 10;PLUS;URB.RESIDENCIAL;NACIONAL4;1’547’387.85 €;15%;1’312’497.79 €;-11%;1’458’619.18 €
CATALUÑA;BARCELONA;BARCELONA;296;29.06.11;PXB MARINA;XPLUS;URB.COMERCIAL;NACIONAL6;1’547’355.59 €;25%;1’156’849.46 €;-29%;1’488’558.17 €
COMUNIDAD DE MADRID ;MADRID;MADRID;332;01.07.21;PXM SANTA VIRGILIA, 6;ESTANDAR;URB.RESIDENCIAL;NACIONAL4;1’545’837.29 €;57%;665’517.77 €;100%; -   € 
COMUNIDAD DE MADRID;MADRID;MADRID;400;12.05.21;PXM RAFAEL CALVO, 18;ESTANDAR;URB.RESIDENCIAL;NACIONAL4;1’536’879.57 €;48%;801’285.98 €;100%; -   € 
COMUNIDAD VALENCIANA;VALENCIA;VALENCIA;162;15.12.17;PXV SERRANOS, 10;PLUS;URB.COMERCIAL;NACIONAL7;1’535’258.30 €;19%;1’236’443.33 €;15%;1’054’035.26 €
COMUNIDAD DE MADRID;MADRID;MADRID;341;20.07.21;PXM BADAJOZ, 13;PLUS;URB.RESIDENCIAL;NACIONAL5;1’533’055.75 €;61%;602’563.06 €;100%; -   € 
ANDALUCÍA;MÁLAGA;TORREMOLINOS;403;17.12.21;PXMA TORREMOLINOS CASABLANCA;ESTANDAR;URB.RESIDENCIAL;NACIONAL5;1’531’352.80 €;96%;56’325.09 €;100%; -   € 
CASTILLA Y LEÓN;SEGOVIA;CANTALEJO;452;17.03.10;PXSG CANTALEJO;ESTANDAR;RURAL;NACIONAL3;1’525’293.32 €;13%;1’333’219.99 €;-8%;1’445’136.12 €
PAÍS VASCO;GUIPÚZCOA;ASTIGARRAGA;121;03.04.14;PXSS AVDA. ZARAUTZ, 88;PLUS;URB.RESIDENCIAL;NACIONAL7;1’525’225.76 €;9%;1’388’346.78 €;-3%;1’434’500.01 €
ANDALUCÍA;GRANADA;GRANADA;231;20.08.21;PXGR ALHONDIGA, 6;ESTANDAR;URB.RESIDENCIAL;NACIONAL5;1’523’509.08 €;70%;463’901.86 €;100%; -   € 
COMUNIDAD DE MADRID;MADRID;MADRID;111;14.05.14;PXM CALLE LEON 4;XPLUS;URB.COMERCIAL;NACIONAL7;1’523’203.83 €;13%;1’325’599.28 €;1%;1’309’805.06 €
ANDALUCÍA;MÁLAGA;RINCON DE LA VICTORIA;559;22.06.21;PXMA TOMÁS ESCALONILLA, 4;ESTANDAR;URB.RESIDENCIAL;NACIONAL4;1’517’046.51 €;48%;791’245.51 €;100%; -   € 
COMUNIDAD DE MADRID;MADRID;MADRID;524;13.07.21;PXM CARTAGENA, 20;ESTANDAR;URB.RESIDENCIAL;NACIONAL4;1’513’059.21 €;64%;550’210.01 €;100%; -   € 
COMUNIDAD DE MADRID;MADRID;MADRID;320;10.02.17;PXM CALLE CASTELLÓ3;XPLUS;URB.COMERCIAL;NACIONAL4;1’505’963.78 €;12%;1’318’932.50 €;2%;1’293’042.15 €
COMUNIDAD DE MADRID;MADRID;MADRID;145;20.12.17;PXM PRINCIPE3;XPLUS;URB.COMERCIAL;NACIONAL6;1’484’024.46 €;24%;1’130’186.36 €;13%;983’266.86 €
COMUNIDAD DE MADRID;MADRID;MORATA DE TAJUÑA;274;29.06.14;PXM MORATA DE TAJUÑA 2;ESTANDAR;RURAL;NACIONAL3;1’481’501.05 €;6%;1’397’098.46 €;-15%;1’604’606.54 €
ANDALUCÍA;GRANADA;GRANADA;336;19.05.21;PXGR EMPERATRIZ EUGENIA, 12;ESTANDAR;URB.RESIDENCIAL;NACIONAL5;1’476’036.26 €;51%;728’628.44 €;100%; -   € 
CASTILLA Y LEÓN;SALAMANCA;SALAMANCA;180;22.04.20;PXSA FILIBERTO VILLALOBOS;PLUS;URB.RESIDENCIAL;NACIONAL5;1’471’458.52 €;25%;1’109’024.07 €;51%;543’899.14 €
COMUNIDAD VALENCIANA;VALENCIA;VALENCIA;224;23.05.19;PXV AVDA. FRANCIA, 19;ESTANDAR;URB.RESIDENCIAL;NACIONAL5;1’459’542.02 €;16%;1’228’850.05 €;8%;1’132’068.85 €
ANDALUCÍA;MÁLAGA;RINCON DE LA VICTORIA;325;01.07.21;PXMA RINCÓN - RONDA, S/N;PLUS;URB.RESIDENCIAL;NACIONAL4;1’456’799.87 €;51%;719’583.84 €;100%; -   € 
COMUNIDAD DE MADRID;MADRID;MADRID;195;15.09.17;PXM SAN JOAQUÍN, 8;PLUS;URB.RESIDENCIAL;NACIONAL6;1’455’870.60 €;2%;1’431’673.97 €;-13%;1’617’813.46 €
COMUNIDAD VALENCIANA;VALENCIA;VALENCIA;209;21.07.17;PXV MÚSICO PEYDRÓ, 13;PLUS;URB.COMERCIAL;NACIONAL5;1’453’377.10 €;13%;1’262’606.81 €;12%;1’107’775.87 €
ANDALUCÍA;SEVILLA;SEVILLA;169;16.02.17;PXSE HARINAS, 7-9;ESTANDAR;URB.COMERCIAL;NACIONAL6;1’449’857.55 €;24%;1’102’284.90 €;15%;942’064.42 €
ANDALUCÍA;MÁLAGA;RINCON DE LA VICTORIA;373;17.06.21;PXMA CERVANTES, 5;ESTANDAR;URB.RESIDENCIAL;NACIONAL4;1’449’548.45 €;54%;670’911.10 €;100%; -   € 
PAÍS VASCO;VIZCAYA;BILBAO;239;30.12.14;PXBI JARDINES;PLUS;URB.COMERCIAL;NACIONAL5;1’437’395.40 €;9%;1’302’383.76 €;-2%;1’325’906.20 €
ANDALUCÍA;MÁLAGA;RINCON DE LA VICTORIA;434;24.06.21;PXMA PRINCIPAL DEL CANDADO, 2;ESTANDAR;URB.RESIDENCIAL;NACIONAL4;1’437’307.63 €;52%;686’610.65 €;100%; -   € 
ANDALUCÍA;MÁLAGA;VELEZ-MALAGA;643;14.07.21;PXMA VELEZ CAMINO VIEJO DE MALAGA, 27;ESTANDAR;URB.RESIDENCIAL;NACIONAL3;1’430’014.77 €;56%;626’920.15 €;100%; -   € 
CASTILLA LA MANCHA;CUENCA;PEDROÑERAS (LAS);727;03.07.20;PXCU LAS PEDROÑERAS 3;ESTANDAR;RURAL;NACIONAL4;1’418’068.42 €;12%;1’246’222.92 €;47%;655’614.24 €
COMUNIDAD FORAL DE NAVARRA;NAVARRA;CINTRUENIGO;673;20.11.19;PXNA CINTRUEÑIGO - VALLE DE LA ULZAMA;ESTANDAR;RURAL;NACIONAL3;1’414’406.34 €;15%;1’207’075.45 €;0%;1’211’798.63 €
COMUNIDAD DE MADRID;MADRID;MADRID;159;20.09.12;PXM SANTA SUSANA II;ESTANDAR;URB.RESIDENCIAL;NACIONAL5;1’413’114.89 €;8%;1’293’009.88 €;-15%;1’489’037.92 €
ANDALUCÍA;HUELVA;HUELVA;200;02.09.16;PXH PLAZA DEL PUNTO;ESTANDAR;URB.COMERCIAL;NACIONAL6;1’412’330.67 €;10%;1’268’953.46 €;-6%;1’349’679.22 €
ANDALUCÍA;HUELVA;PALOS DE LA FRONTERA;313;03.07.20;PXH MOGUER-MAZAGÓN;ESTANDAR;URB.RESIDENCIAL;NACIONAL5;1’406’311.49 €;10%;1’261’434.72 €;47%;663’019.52 €
CASTILLA LA MANCHA;TOLEDO;TOLEDO;204;09.06.20;PXTO CALLE TRINIDAD;PLUS;URB.COMERCIAL;NACIONAL6;1’402’750.23 €;19%;1’141’709.44 €;54%;523’452.42 €
ANDALUCÍA;MÁLAGA;RINCON DE LA VICTORIA;156;29.05.20;PXMA ALAMEDA PRINCIPAL 2;ESTANDAR;URB.COMERCIAL;NACIONAL6;1’396’007.61 €;26%;1’029’566.45 €;54%;473’883.90 €
ANDALUCÍA;CÁDIZ;CHICLANA DE LA FRONTERA;635;17.08.21;PXCA CHICLANA CTRA. MEDINA, 6;ESTANDAR;URB.RESIDENCIAL;NACIONAL3;1’391’893.51 €;64%;503’096.36 €;100%; -   € 
COMUNIDAD DE MADRID;MADRID;MADRID;385;27.04.21;PXM INFANTA MARÍA TERESA, 12;ESTANDAR;URB.RESIDENCIAL;NACIONAL4;1’389’470.28 €;46%;754’964.00 €;100%; -   € 
PAÍS VASCO;GUIPÚZCOA;DONOSTIA-SAN SEBASTIAN;168;12.04.19;PXSS CALLE URBIETA2, 44;PLUS;URB.COMERCIAL;NACIONAL6;1’385’515.12 €;13%;1’202’127.44 €;-1%;1’208’472.65 €
COMUNIDAD VALENCIANA;ALICANTE;ALICANTE/ALACANT;116;18.12.14;PXA PLAZA DEL AYUNTAMIENTO;XPLUS;URB.COMERCIAL;NACIONAL7;1’384’069.98 €;27%;1’008’819.35 €;18%;827’944.69 €
ANDALUCÍA;MÁLAGA;MARBELLA;153;30.04.21;PXMA S P ALCANTARA;PLUS;URB.RESIDENCIAL;NACIONAL6;1’381’629.64 €;51%;671’045.72 €;100%; -   € 
COMUNIDAD VALENCIANA;ALICANTE;ALICANTE/ALACANT;182;25.04.14;PXA EXPLANADA DE ESPAÑA;ESTANDAR;URB.RESIDENCIAL;NACIONAL5;1’370’357.50 €;31%;943’530.24 €;3%;918’737.42 €
CATALUÑA;BARCELONA;VILAFRANCA DEL PENEDES;390;03.01.15;PXB VILAFRANCA DEL PENEDÉS;PLUS;URB.RESIDENCIAL;NACIONAL4;1’367’097.65 €;18%;1’119’787.15 €;-8%;1’206’921.54 €
PAÍS VASCO;VIZCAYA;BARAKALDO;282;19.07.19;PXBI BARAKALDO  IBARRA, 19;ESTANDAR;URB.RESIDENCIAL;NACIONAL4;1’365’755.71 €;6%;1’277’420.29 €;27%;936’640.89 €
CASTILLA Y LEÓN;SALAMANCA;SALAMANCA;223;19.02.21;PXSA GRAN VÍA V;PLUS;URB.RESIDENCIAL;NACIONAL5;1’346’512.43 €;21%;1’060’782.47 €;100%; -   € 
COMUNIDAD DE MADRID;MADRID;MADRID;249;21.08.15;PXM RAMIREZ DE PRADO, 8;ESTANDAR;URB.RESIDENCIAL;NACIONAL5;1’345’917.06 €;10%;1’209’033.41 €;-20%;1’448’848.29 €
ANDALUCÍA;CÁDIZ;ALGECIRAS;405;17.08.21;PXCA ALGECIRAS JOSE SANTA CANA, 5;ESTANDAR;URB.RESIDENCIAL;NACIONAL5;1’342’489.13 €;69%;418’922.30 €;100%; -   € 
COMUNIDAD DE MADRID;MADRID;SOTO DEL REAL;223;20.12.12;PXM SOTO DEL REAL;ESTANDAR;URB.RESIDENCIAL;NACIONAL6;1’341’153.35 €;15%;1’146’395.36 €;-7%;1’224’172.25 €
ANDALUCÍA;SEVILLA;SEVILLA;334;22.06.21;PXSE FORJADORES, 8;ESTANDAR;URB.RESIDENCIAL;NACIONAL5;1’340’833.63 €;55%;607’415.00 €;100%; -   € 
COMUNIDAD DE MADRID;MADRID;MADRID;465;20.08.08;PXM ANDRÉS MELLADO;PLUS;URB.RESIDENCIAL;NACIONAL4;1’336’838.66 €;7%;1’239’394.76 €;-17%;1’445’608.58 €
COMUNIDAD DE MADRID;MADRID;MADRID;140;29.01.21;PXM HORTALEZA IV, 17;PLUS;URB.COMERCIAL;NACIONAL6;1’328’970.63 €;20%;1’063’240.62 €;100%; -   € 
PAÍS VASCO;VIZCAYA;BILBAO;131;06.05.16;PXBI SANTUTXU;ESTANDAR;URB.RESIDENCIAL;NACIONAL5;1’314’686.16 €;5%;1’245’579.90 €;-11%;1’385’262.53 €
COMUNIDAD DE MADRID;MADRID;MADRID;249;08.06.16;PXM NUÑEZ DE MORGADO 2;PLUS;URB.RESIDENCIAL;NACIONAL4;1’310’682.91 €;1%;1’291’489.99 €;0%;1’291’281.38 €
CASTILLA Y LEÓN;SALAMANCA;CARBAJOSA DE LA SAGRADA;394;29.09.15;PXSA CARBAJOSA DE LA SAGRADA;ESTANDAR;RURAL;NACIONAL4;1’294’021.90 €;-9%;1’408’911.84 €;-9%;1’540’126.45 €
ANDALUCÍA;CÁDIZ;ROTA;270;26.10.21;PXCA ROTA SAN RAFAEL, 14;ESTANDAR;URB.RESIDENCIAL;NACIONAL5;1’293’006.26 €;88%;159’028.68 €;100%; -   € 
EXTREMADURA;CÁCERES;JARANDILLA DE LA VERA;366;21.06.13;PXCC JARANDILLA DE LA VERA;ESTANDAR;RURAL;NACIONAL4;1’291’269.12 €;12%;1’139’760.87 €;2%;1’114’194.48 €
ANDALUCÍA;MÁLAGA;RINCON DE LA VICTORIA;395;27.06.14;PXMA RINCÓN DE LA VICTORIA - AVDA. MEDITERRANEO, 133;PLUS;URB.RESIDENCIAL;NACIONAL4;1’290’844.65 €;3%;1’247’697.04 €;3%;1’210’143.82 €
ANDALUCÍA;SEVILLA;SEVILLA;220;26.11.15;PXSE AMOR DE DIOS, 45;ESTANDAR;URB.COMERCIAL;NACIONAL5;1’289’894.77 €;17%;1’069’426.56 €;0%;1’071’543.14 €
EXTREMADURA;CÁCERES;MORALEJA;687;16.09.21;PXCC MORALEJA - LUSITANIA, 51;AGRESIVA;URB.RESIDENCIAL;NACIONAL4;1’287’705.99 €;74%;337’859.07 €;100%; -   € 
CASTILLA Y LEÓN;ZAMORA;ALCAÑICES;336;16.04.20;PXZA ALCAÑICES - ESTACADA 3;ESTANDAR;RURAL;NACIONAL3;1’286’341.19 €;12%;1’135’481.21 €;19%;923’545.55 €
ANDALUCÍA;MÁLAGA;RINCON DE LA VICTORIA;729;13.07.21;PXMA CARLOS HAYA, 60;ESTANDAR;URB.RESIDENCIAL;NACIONAL4;1’285’736.50 €;59%;532’113.91 €;100%; -   € 
COMUNIDAD DE MADRID;MADRID;MADRID;156;09.06.21;PXM ORTEGA Y GASSET 3;PLUS;URB.COMERCIAL;NACIONAL6;1’278’443.05 €;49%;648’872.65 €;100%; -   € 
COMUNIDAD DE MADRID;MADRID;MADRID;471;05.05.21;PXM GALILEO, 26;PLUS;URB.RESIDENCIAL;NACIONAL4;1’270’062.82 €;41%;754’132.87 €;100%; -   € 
COMUNIDAD DE MADRID;MADRID;MADRID;161;04.09.12;PXM JOSE DEL HIERRO, 44;ESTANDAR;URB.RESIDENCIAL;NACIONAL5;1’266’830.81 €;9%;1’154’580.95 €;-23%;1’416’052.65 €
COMUNIDAD DE MADRID;MADRID;MADRID;206;17.07.15;PXM ANTONIO LOPEZ III;PLUS;URB.RESIDENCIAL;NACIONAL5;1’264’930.48 €;-1%;1’283’788.41 €;-24%;1’591’123.28 €
ANDALUCÍA;MÁLAGA;RINCON DE LA VICTORIA;680;26.08.21;PXMA CAMINO DE LOS GUINDOS, 8;ESTANDAR;URB.RESIDENCIAL;NACIONAL3;1’262’065.13 €;66%;429’638.55 €;100%; -   € 
COMUNIDAD VALENCIANA;VALENCIA;VALENCIA;197;17.10.14;PXV CALLE AVELLANAS, 14;PLUS;URB.COMERCIAL;NACIONAL5;1’258’124.80 €;15%;1’070’640.75 €;3%;1’043’004.87 €
ISLAS BALEARES;ISLAS BALEARES;PALMA DE MALLORCA;527;27.11.17;PXPM GREMI TINTORERS4;ESTANDAR;URB.RESIDENCIAL;NACIONAL4;1’256’765.79 €;1%;1’248’854.29 €;-6%;1’320’030.58 €
COMUNIDAD FORAL DE NAVARRA;NAVARRA;PAMPLONA/IRUÑA;196;05.02.21;PXNA PAMPLONA CALLE CATALUÑA, 4;PLUS;URB.RESIDENCIAL;NACIONAL6;1’251’876.22 €;20%;1’001’410.62 €;100%; -   € 
CASTILLA Y LEÓN;SALAMANCA;VITIGUDINO;290;29.05.15;PXSA VITIGUDINO;ESTANDAR;RURAL;NACIONAL4;1’249’965.88 €;16%;1’046’711.85 €;-7%;1’119’645.64 €
REGIÓN DE MURCIA;MURCIA;CARTAGENA;141;04.09.15;PXMU PUERTAS DE MURCIA, 8;PLUS;URB.COMERCIAL;NACIONAL6;1’248’575.49 €;13%;1’085’523.86 €;5%;1’029’626.39 €
ANDALUCÍA;CÁDIZ;CADIZ;233;16.12.16;PXCA  BUENOS AIRES, 9;ESTANDAR;URB.RESIDENCIAL;NACIONAL5;1’247’985.57 €;18%;1’021’118.14 €;-15%;1’173’983.07 €
CASTILLA Y LEÓN;VALLADOLID;ALDEAMAYOR DE SAN MARTIN;263;01.12.15;PXVA ALDEAMAYOR DE SAN MARTIN;ESTANDAR;RURAL;NACIONAL4;1’239’789.82 €;12%;1’085’158.50 €;-16%;1’258’312.05 €
ANDALUCÍA;SEVILLA;SEVILLA;544;19.10.21;PXSE EDUARDO DATO, 22;ESTANDAR;URB.RESIDENCIAL;NACIONAL4;1’239’342.16 €;79%;265’521.46 €;100%; -   € 
COMUNIDAD DE MADRID;MADRID;MADRID;319;04.05.19;PXM P G MARTINEZ CAMPOS3, 24;XPLUS;URB.COMERCIAL;NACIONAL4;1’231’813.90 €;6%;1’159’943.25 €;-14%;1’318’118.39 €
LA RIOJA;LA RIOJA;VILLAMEDIANA DE IREGUA;213;07.10.16;PXLO VILLAMEDIANA - HERMESINDA;PLUS;URB.RESIDENCIAL;NACIONAL5;1’231’231.81 €;-9%;1’345’707.46 €;-15%;1’542’109.42 €
CASTILLA Y LEÓN;SORIA;SAN LEONARDO DE YAGÜE;327;23.02.11;PXSO SAN LEONARDO DE YAGÜE;ESTANDAR;RURAL;NACIONAL4;1’231’144.78 €;11%;1’098’861.11 €;-5%;1’153’219.90 €
PAÍS VASCO;ÁLAVA;OYON/OION;309;20.12.13;PXVI OION ESTIBALIZ;PLUS;URB.RESIDENCIAL;NACIONAL5;1’228’338.08 €;-9%;1’339’958.85 €;-4%;1’399’144.69 €
CASTILLA Y LEÓN;LEÓN;CARRIZO;293;30.03.17;PXLE CARRIZO DE LA RIBERA;ESTANDAR;RURAL;NACIONAL5;1’225’174.25 €;13%;1’067’211.03 €;-10%;1’178’280.93 €
COMUNIDAD DE MADRID;MADRID;MADRID;139;28.05.14;PXM JUAN DE AUSTRIA, 13;ESTANDAR;URB.RESIDENCIAL;NACIONAL6;1’218’127.27 €;4%;1’170’522.05 €;-11%;1’295’739.19 €
CASTILLA Y LEÓN;ZAMORA;VEGA DE TERA;428;13.03.20;PXZA CAMARZANA DE TERA;ESTANDAR;RURAL;NACIONAL3;1’217’323.14 €;14%;1’042’454.42 €;2%;1’022’800.32 €
PAÍS VASCO;GUIPÚZCOA;TOLOSA;164;26.04.19;PXSS IBARRA EUSKAL HERRIA2, 17;PLUS;URB.RESIDENCIAL;NACIONAL6;1’215’518.39 €;3%;1’178’397.90 €;-1%;1’193’748.15 €
ANDALUCÍA;CÁDIZ;PUERTO DE SANTA MARIA (EL);296;21.05.19;PXCA AVDA. DE LA PAZ;PLUS;URB.RESIDENCIAL;NACIONAL5;1’212’368.71 €;3%;1’177’826.88 €;-7%;1’258’136.97 €
COMUNIDAD VALENCIANA;VALENCIA;VALENCIA;150;30.11.21;PXV MARQUES DE SOTELO, 4;XPLUS;URB.COMERCIAL;NACIONAL6;1’210’706.36 €;94%;68’782.03 €;100%; -   € 
CASTILLA Y LEÓN;SALAMANCA;SALAMANCA;150;29.11.19;PXSA RUA MAYOR 4;XPLUS;URB.COMERCIAL;NACIONAL5;1’210’244.38 €;48%;623’347.16 €;-31%;814’680.42 €
ARAGÓN;TERUEL;TERUEL;394;02.03.17;PXTE PASEO DEL OVALO 8;PLUS;URB.RESIDENCIAL;NACIONAL4;1’204’424.58 €;14%;1’034’242.56 €;-3%;1’062’965.25 €
ANDALUCÍA;MÁLAGA;RINCON DE LA VICTORIA;542;15.09.21;PXMA PSO DE LOS TILOS, 53;ESTANDAR;URB.RESIDENCIAL;NACIONAL4;1’186’417.14 €;72%;336’508.76 €;100%; -   € 
COMUNIDAD DE MADRID;MADRID;MADRID;509;05.05.21;PXM AVDA. BRASIL, 8;ESTANDAR;URB.COMERCIAL;NACIONAL4;1’186’333.32 €;42%;687’003.99 €;100%; -   € 
REGIÓN DE MURCIA;MURCIA;MURCIA;162;31.08.18;PXMU PLAZA SAN JULIAN;ESTANDAR;URB.COMERCIAL;NACIONAL5;1’184’561.07 €;10%;1’060’565.32 €;-1%;1’068’301.79 €
COMUNIDAD VALENCIANA;VALENCIA;CORBERA;456;11.03.21;PXV CORBERA-AV. PAIS VALENCIA;AGRESIVA;RURAL;NACIONAL4;1’184’194.22 €;28%;856’816.50 €;100%; -   € 
ANDALUCÍA;MÁLAGA;RINCON DE LA VICTORIA;366;28.04.21;PXMA VILLAFUERTE, 35;ESTANDAR;URB.RESIDENCIAL;NACIONAL5;1’183’555.21 €;38%;733’930.70 €;100%; -   € 
PAÍS VASCO;GUIPÚZCOA;ZARAUTZ;193;10.09.21;PXSS ZARAUTZ IV-ZIGORDIA KALEA;PLUS;URB.RESIDENCIAL;NACIONAL5;1’180’974.55 €;74%;307’987.02 €;100%; -   € 
ANDALUCÍA;MÁLAGA;NERJA;138;07.07.17;PXMA CASTILLA PEREZ 2;PLUS;URB.COMERCIAL;NACIONAL6;1’180’221.43 €;19%;954’347.83 €;10%;854’678.52 €
ANDALUCÍA;MÁLAGA;RINCON DE LA VICTORIA;145;05.04.17;PXMA TEJÓN Y RODRIGUEZ, 1;ESTANDAR;URB.COMERCIAL;NACIONAL7;1’178’936.13 €;-16%;1’363’203.76 €;-14%;1’551’825.45 €
ANDALUCÍA;GRANADA;GRANADA;132;19.08.16;PXGR LAS TABLAS;ESTANDAR;URB.COMERCIAL;NACIONAL6;1’178’844.95 €;14%;1’015’448.24 €;4%;972’306.77 €
CATALUÑA;GERONA;HOSPITALET DE LLOBREGAT;199;11.10.19;PXGI LLORET DE MAR - POETA LOPE MATEO;ESTANDAR;URB.RESIDENCIAL;NACIONAL5;1’175’047.39 €;22%;916’133.51 €;-6%;973’741.01 €
PAÍS VASCO;VIZCAYA;BASAURI;275;15.05.20;PXBI BASAURI - MADRID, 1;ESTANDAR;URB.RESIDENCIAL;NACIONAL5;1’173’630.88 €;20%;943’810.37 €;51%;460’201.64 €
ANDALUCÍA;SEVILLA;SEVILLA;282;25.05.21;PXSE ASUNCIÓN 17;ESTANDAR;URB.RESIDENCIAL;NACIONAL5;1’163’889.23 €;54%;530’980.76 €;100%; -   € 
COMUNIDAD DE MADRID;MADRID;SAN SEBASTIAN DE LOS REYES;320;24.03.17;PXM SS REYES - CERVANTES, 12;ESTANDAR;URB.RESIDENCIAL;NACIONAL4;1’162’861.53 €;1%;1’145’644.65 €;-22%;1’402’189.03 €
COMUNIDAD DE MADRID;MADRID;GETAFE;474;24.08.17;PXM PERALES DEL RIO - CALLE GROENLANDIA 2;ESTANDAR;URB.RESIDENCIAL;NACIONAL4;1’162’346.60 €;8%;1’070’203.09 €;-17%;1’248’102.88 €
CASTILLA LA MANCHA;TOLEDO;TOLEDO;132;05.12.18;PXTO SILLERÍA, 7;PLUS;URB.COMERCIAL;NACIONAL7;1’160’769.90 €;16%;980’456.32 €;-8%;1’057’914.37 €
CATALUÑA;BARCELONA;HOSPITALET DE LLOBREGAT (L');138;18.05.12;PXB TRAVESSERA CORTS;PLUS;URB.COMERCIAL;NACIONAL5;1’156’116.79 €;22%;902’679.88 €;-1%;915’956.35 €
GALICIA;LA CORUÑA;VEDRA;600;02.04.20;PXC PONTE ULLA;AGRESIVA;RURAL;NACIONAL4;1’153’238.07 €;-2%;1’177’907.63 €;14%;1’009’386.73 €
CASTILLA Y LEÓN;SEGOVIA;SEGOVIA;187;11.07.13;PXSG JUAN BRAVO, 54;ESTANDAR;CONVENIENCIA;NACIONAL5;1’151’428.06 €;12%;1’010’761.50 €;3%;979’710.50 €
CATALUÑA;BARCELONA;BARCELONA;202;12.04.17;PXB PABLO IGLESIAS;PLUS;URB.RESIDENCIAL;NACIONAL6;1’149’818.90 €;8%;1’053’245.50 €;-17%;1’227’981.45 €
CASTILLA Y LEÓN;LEÓN;BENAVIDES;339;19.11.14;PXLE BENAVIDES DE ORBIGO;ESTANDAR;RURAL;NACIONAL5;1’149’747.54 €;17%;958’599.12 €;-3%;985’923.67 €
EXTREMADURA;BADAJOZ;CAMPANARIO;250;20.05.16;PXBA CAMPANARIO;ESTANDAR;RURAL;NACIONAL5;1’146’771.95 €;11%;1’019’076.44 €;-7%;1’093’169.36 €
ARAGÓN;TERUEL;TERUEL;550;15.06.18;PXTE CTRA. CASTRALVO 2, 3;ESTANDAR;URB.RESIDENCIAL;NACIONAL4;1’145’994.38 €;9%;1’046’781.73 €;-10%;1’153’646.54 €
COMUNIDAD DE MADRID;MADRID;MADRID;196;08.09.17;PXM CALLE CONDE DE PEÑALVER 63;PLUS;URB.COMERCIAL;NACIONAL6;1’145’093.09 €;8%;1’048’676.75 €;-4%;1’090’253.46 €
COMUNIDAD DE MADRID;MADRID;MADRID;329;17.05.19;PXM AVDA. GUADALAJARA3;ESTANDAR;URB.RESIDENCIAL;NACIONAL4;1’144’583.35 €;-2%;1’166’774.50 €;-19%;1’386’907.84 €
PRINCIPADO DE ASTURIAS;ASTURIAS;GIJON;151;27.04.18;PXO SCHULTZ 2;PLUS;URB.RESIDENCIAL;NACIONAL6;1’143’205.57 €;10%;1’030’765.38 €;-1%;1’042’308.09 €
CATALUÑA;GERONA;HOSPITALET DE LLOBREGAT;182;02.05.11;PXGI LLORET DEL MAR;XPLUS;URB.RESIDENCIAL;NACIONAL6;1’142’534.98 €;26%;845’909.45 €;1%;834’714.46 €
COMUNIDAD DE MADRID;MADRID;MADRID;174;08.06.21;PXM DIEGO DE LEÓN, 32;PLUS;URB.RESIDENCIAL;NACIONAL6;1’135’971.90 €;52%;550’108.41 €;100%; -   € 
ANDALUCÍA;CÁDIZ;CHICLANA DE LA FRONTERA;734;24.06.21;PXCA CHICLANA AV SOLANO, 2;ESTANDAR;URB.RESIDENCIAL;NACIONAL4;1’126’413.84 €;48%;588’791.95 €;100%; -   € 
CATALUÑA;BARCELONA;BARCELONA;198;12.08.14;PXB GRAN VIA DE LES CORTS CATALANES, 573;PLUS;URB.COMERCIAL;NACIONAL6;1’121’003.81 €;33%;752’504.40 €;-7%;808’687.32 €
ANDALUCÍA;MÁLAGA;RINCON DE LA VICTORIA;336;08.06.21;PXMA TAMAYO Y BAUS, 2;ESTANDAR;URB.RESIDENCIAL;NACIONAL4;1’120’771.93 €;50%;560’297.63 €;100%; -   € 
CATALUÑA;BARCELONA;VILAFRANCA DEL PENEDES;247;15.09.17;PXB VILLAFRANCA - FERRERS, 38;PLUS;URB.RESIDENCIAL;NACIONAL5;1’120’310.67 €;11%;995’240.65 €;-9%;1’087’265.97 €
CATALUÑA;BARCELONA;BARCELONA;198;04.02.21;PXB STA MADRONA;ESTANDAR;URB.RESIDENCIAL;NACIONAL6;1’119’743.91 €;36%;719’488.66 €;100%; -   € 
COMUNIDAD DE MADRID;MADRID;ALCOBENDAS;174;26.02.19;PXM AVDA. CONSTITUCIÓN ALCOBENDAS;ESTANDAR;URB.RESIDENCIAL;NACIONAL6;1’118’046.77 €;-1%;1’124’849.51 €;-14%;1’280’420.89 €
COMUNIDAD VALENCIANA;VALENCIA;VALENCIA;205;23.12.20;PXV CALLE PAZ2 29;PLUS;URB.COMERCIAL;NACIONAL5;1’117’459.29 €;18%;919’751.37 €;98%;17’069.64 €
COMUNIDAD DE MADRID;ILOCALIZADO;ILOCALIZADO;361;12.05.21;PXM MAJADAHONDA - NAVALUENGA, 26;ESTANDAR;URB.RESIDENCIAL;NACIONAL4;1’117’160.14 €;42%;648’688.20 €;100%; -   € 
ANDALUCÍA;MÁLAGA;ESTEPONA;553;16.06.21;PXMA ESTEPONA LA PORTADA;ESTANDAR;URB.RESIDENCIAL;NACIONAL3;1’114’857.79 €;46%;605’188.00 €;100%; -   € 
COMUNIDAD VALENCIANA;VALENCIA;VALENCIA;94;18.05.18;PXV SAN MIGUEL, 3;PLUS;URB.COMERCIAL;NACIONAL7;1’114’796.63 €;22%;864’620.78 €;11%;772’384.73 €
COMUNIDAD FORAL DE NAVARRA;NAVARRA;PAMPLONA/IRUÑA;266;08.06.12;PXNA CALLE MAYOR, 49;PLUS;URB.COMERCIAL;NACIONAL5;1’109’957.09 €;-3%;1’139’050.57 €;-12%;1’273’617.87 €
ANDALUCÍA;GRANADA;GRANADA;172;18.10.17;PXGR PEDRO ANTONIO ALARCÓN;AGRESIVA;URB.RESIDENCIAL;NACIONAL6;1’109’390.01 €;13%;969’963.60 €;-15%;1’118’867.62 €
CASTILLA Y LEÓN;LEÓN;SANTA MARIA DEL PARAMO;511;28.02.20;PXLE SANTA MARÍA DEL PÁRAMO II;ESTANDAR;RURAL;NACIONAL4;1’100’468.43 €;11%;979’701.66 €;-10%;1’073’477.82 €
COMUNIDAD VALENCIANA;VALENCIA;BETERA;525;12.06.20;PXV BETERA - MAS CAMARENA;PLUS;URB.RESIDENCIAL;NACIONAL4;1’099’798.26 €;10%;991’703.61 €;44%;555’797.88 €
CASTILLA Y LEÓN;SALAMANCA;SALAMANCA;272;23.11.18;PXSA Mª AUXILIADORA2, 23;PLUS;URB.RESIDENCIAL;NACIONAL5;1’099’198.07 €;12%;967’285.73 €;-12%;1’086’351.59 €
CATALUÑA;BARCELONA;VILADECANS;228;31.10.19;PXB VILADECANS - AVDA. MOLINO, 1;ESTANDAR;URB.RESIDENCIAL;NACIONAL5;1’097’918.61 €;11%;976’086.48 €;-12%;1’092’091.46 €
EXTREMADURA;CÁCERES;PLASENCIA;277;30.03.17;PXCC AVDA. LA SALLE, 24;ESTANDAR;URB.RESIDENCIAL;NACIONAL4;1’094’289.96 €;3%;1’057’815.20 €;-4%;1’100’241.69 €
COMUNIDAD DE MADRID;MADRID;MADRID;402;28.08.20;PXM DUQUE DE SESTO II, 28;PLUS;URB.RESIDENCIAL;NACIONAL5;1’090’731.38 €;8%;1’008’127.82 €;64%;358’693.91 €
ANDALUCÍA;CÁDIZ;CADIZ;151;14.06.17;PXCA SOPRANIS, 1;ESTANDAR;CONVENIENCIA;NACIONAL7;1’087’860.25 €;8%;995’778.09 €;-10%;1’098’463.23 €
CANTABRIA;CANTABRIA;NOJA;278;07.06.13;PXS NOJA;PLUS;URB.RESIDENCIAL;NACIONAL6;1’079’625.88 €;11%;958’629.25 €;-2%;974’031.87 €
CATALUÑA;BARCELONA;BARCELONA;208;08.02.17;PXB CAPONATA, 10;PLUS;URB.RESIDENCIAL;NACIONAL5;1’077’107.27 €;8%;986’835.00 €;-6%;1’047’413.32 €
ANDALUCÍA;GRANADA;MOTRIL;243;10.06.21;PXGR MOTRIL - ANCHA, 8;ESTANDAR;URB.RESIDENCIAL;NACIONAL7;1’076’322.79 €;49%;553’168.63 €;100%; -   € 
CASTILLA Y LEÓN;LEÓN;LEON;295;22.03.17;PXLE C MIGUEL DE ZAERA2, 14;PLUS;URB.RESIDENCIAL;NACIONAL4;1’074’262.36 €;14%;920’735.64 €;-8%;996’315.89 €
ANDALUCÍA;GRANADA;IZNALLOZ;487;26.04.19;PXGR IZNALLOZ - AVDA. ANDALUCÍA;ESTANDAR;RURAL;NACIONAL6;1’072’696.62 €;10%;964’783.06 €;-8%;1’041’613.95 €
ANDALUCÍA;SEVILLA;SEVILLA;240;11.06.15;PXSE RONDA DE TRIANA, 2;PLUS;URB.RESIDENCIAL;NACIONAL5;1’070’454.21 €;12%;941’001.73 €;-22%;1’147’886.22 €
COMUNIDAD DE MADRID;MADRID;MADRID;108;29.09.17;PXM Mª DE GUZMÁN, 57;ESTANDAR;URB.RESIDENCIAL;NACIONAL7;1’067’847.49 €;-1%;1’082’577.95 €;-5%;1’138’142.63 €
COMUNIDAD DE MADRID;MADRID;MADRID;152;30.09.21;PXM CALLE OÑA, 121;ESTANDAR;URB.RESIDENCIAL;NACIONAL6;1’067’090.45 €;78%;232’867.07 €;100%; -   € 
PRINCIPADO DE ASTURIAS;ASTURIAS;GIJON;275;15.11.17;PXO PLAZA SAN MIGUEL, 5;ESTANDAR;URB.COMERCIAL;NACIONAL5;1’062’321.19 €;-6%;1’130’582.86 €;6%;1’059’721.19 €
COMUNIDAD DE MADRID;MADRID;MADRID;99;12.03.19;PXM CALLE ARCIPRESTE DE HITA 4;PLUS;URB.COMERCIAL;NACIONAL6;1’056’062.70 €;9%;961’599.10 €;28%;691’346.04 €
CASTILLA Y LEÓN;SEGOVIA;ESPINAR (EL);227;17.11.17;PXSG EL ESPINAR3;ESTANDAR;URB.RESIDENCIAL;NACIONAL5;1’055’167.45 €;9%;961’096.49 €;-15%;1’102’077.91 €
EXTREMADURA;BADAJOZ;TALAVERA LA REAL;233;08.10.15;PXBA CONCORDIA;ESTANDAR;RURAL;NACIONAL5;1’054’647.47 €;10%;952’719.57 €;-8%;1’033’288.83 €
ANDALUCÍA;CÁDIZ;CADIZ;259;07.06.19;PXCA ANA DE VIYA 3;ESTANDAR;URB.COMERCIAL;NACIONAL6;1’051’518.48 €;3%;1’017’319.45 €;-9%;1’104’660.07 €
COMUNIDAD DE MADRID;MADRID;VILLA DEL PRADO;440;30.06.21;PXM VILLA DEL PRADO - OFICIOS 2;ESTANDAR;RURAL;NACIONAL5;1’050’257.44 €;49%;534’325.54 €;100%; -   € 
COMUNIDAD DE MADRID;ILOCALIZADO;ILOCALIZADO;242;15.10.20;PXM SAN SEBASTIÁN DE LOS REYES - PLAZA DEL PROGRESO, 2;ESTANDAR;URB.RESIDENCIAL;NACIONAL5;1’050’083.24 €;11%;932’089.24 €;83%;162’008.66 €
ANDALUCÍA;MÁLAGA;RINCON DE LA VICTORIA;348;17.08.21;PXMA MARTINEZ MALDONADO, 68;ESTANDAR;URB.RESIDENCIAL;NACIONAL5;1’047’467.21 €;66%;360’686.05 €;100%; -   € 
COMUNIDAD DE MADRID;MADRID;MADRID;82;23.03.17;PXM CALLE HUMILLADERO, 25;XPLUS;URB.COMERCIAL;NACIONAL8;1’043’832.84 €;6%;984’049.15 €;-3%;1’010’513.75 €
COMUNIDAD FORAL DE NAVARRA;NAVARRA;ESTELLA/LIZARRA;258;19.01.18;PXNA ESTELLA - Pº DE LA INMACULADA, 64;ESTANDAR;URB.RESIDENCIAL;NACIONAL6;1’041’642.86 €;22%;808’954.29 €;7%;755’092.60 €
COMUNIDAD DE MADRID;MADRID;MADRID;200;12.12.19;PXM CARRANZA 3;PLUS;URB.COMERCIAL;NACIONAL5;1’036’457.74 €;-1%;1’044’642.69 €;-44%;1’509’399.97 €
CANTABRIA;CANTABRIA;CASTRO-URDIALES;335;10.05.19;PXS CASTRO URDIALES 5-LA RONDA;XPLUS;URB.RESIDENCIAL;NACIONAL5;1’034’519.66 €;5%;980’434.22 €;-12%;1’098’115.50 €
CASTILLA Y LEÓN;PALENCIA;CERVERA DE PISUERGA;306;29.05.15;PXP AGUILAR DE CAMPOO - AVDA. DEL GENERALÍSIMO, 25;ESTANDAR;RURAL;NACIONAL4;1’034’248.40 €;11%;921’279.23 €;-3%;944’541.44 €
COMUNIDAD DE MADRID;MADRID;MADRID;164;27.08.21;PXM DOCTOR ESQUERDO, 93;XPLUS;URB.COMERCIAL;NACIONAL6;1’034’125.04 €;73%;283’819.09 €;100%; -   € 
COMUNIDAD DE MADRID;MADRID;MADRID;309;26.11.14;PXM CALLE ERCILLA, 21;PLUS;URB.RESIDENCIAL;NACIONAL5;1’031’832.13 €;3%;1’004’170.29 €;-21%;1’218’332.20 €
COMUNIDAD DE MADRID;MADRID;MADRID;230;25.05.17;PXM GENERAL PERON2;PLUS;URB.COMERCIAL;NACIONAL5;1’031’130.79 €;0%;1’028’908.49 €;-12%;1’147’404.84 €
COMUNIDAD DE MADRID;MADRID;POZUELO DE ALARCON;290;21.05.21;PXM POZUELO - ANTONIO DÍAZ 6;ESTANDAR;URB.RESIDENCIAL;NACIONAL4;1’030’611.41 €;43%;590’436.94 €;100%; -   € 
REGIÓN DE MURCIA;MURCIA;MURCIA;163;04.01.13;PXMU PINARES, 4;AGRESIVA;URB.COMERCIAL;NACIONAL6;1’027’750.57 €;4%;989’852.18 €;-14%;1’126’012.96 €
COMUNIDAD DE MADRID;MADRID;MADRID;115;21.12.18;PXM CUESTA DE SAN VICENTE, 24;PLUS;URB.COMERCIAL;NACIONAL6;1’022’509.09 €;-9%;1’110’174.68 €;-5%;1’164’929.83 €
ANDALUCÍA;MÁLAGA;RINCON DE LA VICTORIA;195;23.11.18;PXMA FERNANDO CAMINO;ESTANDAR;URB.RESIDENCIAL;NACIONAL6;1’021’980.46 €;9%;926’731.38 €;8%;850’790.33 €
COMUNIDAD FORAL DE NAVARRA;NAVARRA;PAMPLONA/IRUÑA;343;16.05.18;PXNA CALLE TUDELA2, 13;PLUS;URB.RESIDENCIAL;NACIONAL6;1’021’767.89 €;12%;902’307.22 €;4%;867’237.05 €
CATALUÑA;BARCELONA;SITGES;151;15.12.17;PXB SITGES VILANOVA, 27;PLUS;URB.RESIDENCIAL;NACIONAL6;1’021’405.13 €;2%;997’575.09 €;-1%;1’009’180.92 €
CASTILLA Y LEÓN;LEÓN;VILLAFRANCA DEL BIERZO;539;10.10.17;PXLE VILLAF DEL BIERZO 2;PLUS;RURAL;NACIONAL3;1’018’447.80 €;18%;832’621.41 €;-12%;928’901.09 €
COMUNIDAD DE MADRID;MADRID;ALGETE;392;23.08.17;PXM ALGETE  CALLE PALOMARES;AGRESIVA;URB.RESIDENCIAL;NACIONAL4;1’013’848.59 €;10%;909’765.08 €;-10%;1’004’197.25 €
PAÍS VASCO;VIZCAYA;BILBAO;144;25.11.14;PXBI ESTACIÓN RENFE ABANDO INDALECIO PRIETO;XPLUS;CONVENIENCIA;NACIONAL7;1’011’643.43 €;19%;824’016.60 €;7%;766’050.38 €
COMUNIDAD DE MADRID;MADRID;MADRID;99;26.01.18;PXM ALAMEDA2;PLUS;URB.COMERCIAL;NACIONAL7;1’007’604.56 €;19%;811’389.09 €;6%;764’395.18 €
PRINCIPADO DE ASTURIAS;ASTURIAS;OVIEDO;177;28.02.18;PXO ARZOBISPO GUISASOLA, 42;PLUS;URB.RESIDENCIAL;NACIONAL6;1’005’945.08 €;9%;918’255.23 €;-7%;981’391.32 €
ANDALUCÍA;CÓRDOBA;CORDOBA;207;22.10.21;PXCO RODRIGUEZ MARÍN 2, 13;PLUS;URB.RESIDENCIAL;NACIONAL6;1’000’039.32 €;80%;204’562.42 €;100%; -   € 
ANDALUCÍA;SEVILLA;SEVILLA;177;04.05.19;PXSE PUENTE Y PELLÓN2;ESTANDAR;URB.COMERCIAL;NACIONAL7;994’573.29 €;29%;707’909.79 €;-1%;717’787.32 €
CASTILLA Y LEÓN;SALAMANCA;SALAMANCA;170;07.06.19;PXSA AVDA. ALFONSO VI, 9;ESTANDAR;URB.RESIDENCIAL;NACIONAL5;989’487.00 €;11%;880’261.01 €;5%;839’839.19 €
COMUNIDAD FORAL DE NAVARRA;NAVARRA;PAMPLONA/IRUÑA;120;25.10.19;PXNA ESTAFETA II, 1;PLUS;URB.COMERCIAL;NACIONAL7;987’561.71 €;11%;876’607.99 €;3%;849’240.15 €
COMUNIDAD DE MADRID;MADRID;MADRID;269;05.05.21;PXM ANDRES MELLADO, 61;PLUS;URB.RESIDENCIAL;NACIONAL6;986’028.64 €;34%;650’315.88 €;100%; -   € 
PAÍS VASCO;GUIPÚZCOA;IRUN;151;28.09.18;PXSS ALZUKAITZ2;PLUS;URB.RESIDENCIAL;NACIONAL6;985’076.37 €;8%;905’287.16 €;-8%;977’864.02 €
ANDALUCÍA;CÁDIZ;JEREZ DE LA FRONTERA;511;08.06.21;PXCA URB. EL ALMENDRAL;ESTANDAR;URB.RESIDENCIAL;NACIONAL4;983’919.71 €;51%;483’908.92 €;100%; -   € 
ANDALUCÍA;HUELVA;HUELVA;151;22.01.21;PXH ROQUE BARCIA, 7;ESTANDAR;URB.RESIDENCIAL;NACIONAL6;983’033.00 €;26%;732’011.64 €;100%; -   € 
ANDALUCÍA;CÁDIZ;ALGECIRAS;722;19.08.21;PXCA ALGECIRAS - JOSE CARLOS DE LUNA;ESTANDAR;URB.RESIDENCIAL;NACIONAL5;979’372.80 €;66%;331’918.28 €;100%; -   € 
CASTILLA Y LEÓN;VALLADOLID;VALLADOLID;154;18.12.20;PXVA TIRSO DE MOLINA;ESTANDAR;URB.RESIDENCIAL;NACIONAL7;977’764.61 €;18%;799’746.87 €;96%;32’468.90 €
CASTILLA Y LEÓN;LEÓN;LEON;223;27.05.21;PXLE ANCHAIII, 7;PLUS;CONVENIENCIA;NACIONAL6;967’574.35 €;50%;482’135.73 €;100%; -   € 
COMUNIDAD DE MADRID;MADRID;TORRELODONES;325;25.05.21;PXM TORRELODONES - JESUSA LARA, 18;ESTANDAR;RURAL;NACIONAL4;966’804.46 €;43%;549’108.95 €;100%; -   € 
ANDALUCÍA;MÁLAGA;BENALMADENA;286;13.08.19;PXMA BENALMADENA - EROS;PLUS;URB.RESIDENCIAL;NACIONAL5;962’784.37 €;13%;840’918.25 €;-1%;847’850.47 €
LA RIOJA;LA RIOJA;LARDERO;221;26.04.12;PXLO LARDERO;PLUS;URB.RESIDENCIAL;NACIONAL5;961’409.16 €;-5%;1’010’629.48 €;-17%;1’186’249.77 €
PAÍS VASCO;VIZCAYA;ZALLA;157;21.10.16;PXBI HERMANOS MARISTAS-ZALLA;PLUS;URB.RESIDENCIAL;NACIONAL5;951’264.01 €;11%;849’241.49 €;-7%;912’728.35 €
COMUNIDAD DE MADRID;MADRID;MADRID;186;16.07.21;PXM MARQUES DE VIANA, 79;ESTANDAR;URB.RESIDENCIAL;NACIONAL6;947’681.75 €;64%;343’462.20 €;100%; -   € 
ANDALUCÍA;SEVILLA;SEVILLA;342;07.09.21;PXSE AV FELIPE II, 12-14;ESTANDAR;URB.RESIDENCIAL;NACIONAL5;946’411.59 €;64%;338’923.28 €;100%; -   € 
COMUNIDAD DE MADRID;MADRID;MADRID;211;12.04.19;PXM PANAMÁ5 10;PLUS;URB.RESIDENCIAL;NACIONAL4;945’166.89 €;-21%;1’144’547.89 €;-11%;1’269’545.03 €
CASTILLA LA MANCHA;GUADALAJARA;GUADALAJARA;315;08.03.16;PXGU CALLE FERIAL II;ESTANDAR;URB.RESIDENCIAL;NACIONAL5;944’263.33 €;1%;933’044.32 €;-11%;1’038’503.27 €
COMUNIDAD DE MADRID;MADRID;MADRID;244;14.04.16;PXM CAVANILLES, 27;PLUS;URB.RESIDENCIAL;NACIONAL5;938’873.73 €;9%;856’886.55 €;-14%;981’056.58 €
CASTILLA Y LEÓN;VALLADOLID;VALLADOLID;185;19.01.18;PXVA PASEO HOSPITAL MILITAR, 36;ESTANDAR;URB.RESIDENCIAL;NACIONAL6;934’381.93 €;10%;836’496.61 €;-2%;851’905.39 €
COMUNIDAD FORAL DE NAVARRA;NAVARRA;PAMPLONA/IRUÑA;118;28.10.16;PXNA ITURRAMA,43;PLUS;URB.RESIDENCIAL;NACIONAL7;934’109.42 €;5%;887’977.56 €;7%;829’160.04 €
COMUNIDAD DE MADRID;MADRID;MADRID;120;14.06.19;PXM CALLE IMPERIAL2;XPLUS;URB.COMERCIAL;NACIONAL7;933’414.48 €;19%;752’471.64 €;5%;717’098.50 €
COMUNIDAD DE MADRID;MADRID;MADRID;210;13.12.19;PXM CALLE ESCALONA;ESTANDAR;URB.RESIDENCIAL;NACIONAL5;932’109.70 €;1%;926’973.71 €;-9%;1’005’944.12 €
PAÍS VASCO;VIZCAYA;BARAKALDO;172;20.08.21;PXBI BARAKALDO - LIBERTAD, 60;ESTANDAR;URB.RESIDENCIAL;NACIONAL6;929’288.78 €;71%;266’143.14 €;100%; -   € 
CANTABRIA;CANTABRIA;SANTANDER;144;13.12.19;PXS CALLE UNIVERSIDAD II, 2;PLUS;URB.RESIDENCIAL;NACIONAL7;926’324.61 €;19%;751’721.75 €;1%;741’090.93 €
COMUNIDAD DE MADRID;MADRID;MADRID;187;31.05.19;PXM CALLE PADRE CLARET, 11;PLUS;URB.RESIDENCIAL;NACIONAL6;924’705.73 €;11%;826’313.22 €;-14%;938’883.80 €
ARAGÓN;ZARAGOZA;CASPE;208;27.06.19;PXZ SANTA LUCÍA - CASPE;AGRESIVA;URB.RESIDENCIAL;NACIONAL5;920’036.56 €;10%;826’642.97 €;3%;804’619.44 €
COMUNIDAD VALENCIANA;VALENCIA;VALENCIA;153;26.10.16;PXV CALLE QUART, 68;PLUS;URB.RESIDENCIAL;NACIONAL6;919’572.08 €;13%;802’389.75 €;0%;803’708.51 €
ANDALUCÍA;CÓRDOBA;CORDOBA;220;29.06.17;PXCO DR MANUEL RUIZ MAYA;ESTANDAR;URB.RESIDENCIAL;NACIONAL5;916’636.36 €;16%;766’375.28 €;-6%;810’825.58 €
ANDALUCÍA;GRANADA;GRANADA;149;10.10.18;PXGR CAMINO BAJO DE HUETOR;ESTANDAR;URB.RESIDENCIAL;NACIONAL6;916’592.07 €;6%;863’978.77 €;-7%;921’832.01 €
CATALUÑA;LÉRIDA;LLEIDA;174;22.02.19;PXL CRONISTA MUNTANER;AGRESIVA;URB.RESIDENCIAL;NACIONAL6;910’623.18 €;10%;823’792.98 €;-10%;903’302.68 €
COMUNIDAD DE MADRID;MADRID;MADRID;362;16.11.18;PXM MAGALLANES2, 15;PLUS;URB.RESIDENCIAL;NACIONAL5;909’966.01 €;-11%;1’007’944.52 €;-32%;1’326’561.19 €
REGIÓN DE MURCIA;MURCIA;CARTAGENA;234;09.09.21;PXMU CARTAGENA JUAN FERNANDEZ;ESTANDAR;URB.RESIDENCIAL;NACIONAL6;908’681.77 €;72%;252’370.59 €;100%; -   € 
CASTILLA Y LEÓN;ZAMORA;PUEBLA DE SANABRIA;396;13.07.18;PXZA PUEBLA DE SANABRIA;ESTANDAR;RURAL;NACIONAL4;906’996.92 €;11%;802’773.78 €;-61%;1’289’983.56 €
ANDALUCÍA;SEVILLA;SEVILLA;160;31.05.18;PXSE CALATRAVA, 16;ESTANDAR;URB.COMERCIAL;NACIONAL6;904’446.02 €;15%;765’980.42 €;1%;757’429.76 €
COMUNIDAD DE MADRID;MADRID;VILLANUEVA DEL PARDILLO;420;26.11.10;PXM VILLANUEVA DEL PARDILLO;PLUS;URB.RESIDENCIAL;NACIONAL5;901’071.54 €;6%;849’272.73 €;-20%;1’017’254.26 €
PAÍS VASCO;VIZCAYA;BAKIO;128;27.03.15;PXBI BAKIO - CALLE ANBIETAKO GOIENKALE, 2;XPLUS;URB.RESIDENCIAL;NACIONAL7;901’043.47 €;6%;849’130.39 €;-5%;890’854.43 €
ANDALUCÍA;SEVILLA;SEVILLA;218;13.10.17;PXSE CRUZ DEL CAMPO;ESTANDAR;URB.RESIDENCIAL;NACIONAL5;900’845.75 €;10%;813’638.71 €;-17%;948’926.33 €
ARAGÓN;TERUEL;TERUEL;221;19.10.17;PXTE AVDA. SAGUNTO 2;ESTANDAR;URB.RESIDENCIAL;NACIONAL6;897’537.18 €;15%;761’932.54 €;-2%;777’893.50 €
PAÍS VASCO;VIZCAYA;LEIOA;264;22.06.16;PXBI LEIOA - AVDA. IPARRAGUIRRE;PLUS;URB.RESIDENCIAL;NACIONAL5;897’331.62 €;8%;829’830.70 €;-17%;972’320.95 €
LA RIOJA;LA RIOJA;LOGROÑO;302;14.11.14;PXLO CALLE GENERAL VARA DE REY, 31;PLUS;URB.COMERCIAL;NACIONAL4;893’211.99 €;11%;792’771.62 €;-15%;908’668.03 €
CASTILLA Y LEÓN;LEÓN;SAN ANDRES DEL RABANEDO;226;02.06.17;PXLE REPUBLICA ARGENTINA2, 26;PLUS;URB.RESIDENCIAL;NACIONAL5;891’337.26 €;16%;748’707.63 €;0%;751’466.00 €
EXTREMADURA;BADAJOZ;OLIVENZA;341;20.03.15;PXBA OLIVENZA - CALLE LOPE DE VEGA, 3;PLUS;RURAL;NACIONAL4;891’217.20 €;-8%;961’331.14 €;-16%;1’111’811.30 €
CASTILLA Y LEÓN;SALAMANCA;SALAMANCA;177;19.12.19;PXSA CARMELITAS;PLUS;URB.RESIDENCIAL;NACIONAL5;889’089.06 €;15%;752’691.29 €;8%;692’712.95 €
ANDALUCÍA;MÁLAGA;RONDA;161;21.12.18;PXMA RONDA;ESTANDAR;URB.COMERCIAL;NACIONAL6;888’781.08 €;25%;669’795.19 €;9%;609’517.79 €
EXTREMADURA;BADAJOZ;BADAJOZ;278;26.05.17;PXBA PZA CONDE DE LA TORRE DEL FRESNO;ESTANDAR;URB.RESIDENCIAL;NACIONAL5;888’762.17 €;8%;816’699.46 €;-11%;904’394.54 €
COMUNIDAD DE MADRID;MADRID;ALCOBENDAS;204;11.06.21;PXM ALCOBENDAS MARQUES DE LA VALDAVIA, 33;ESTANDAR;URB.RESIDENCIAL;NACIONAL6;887’737.32 €;59%;363’003.28 €;100%; -   € 
COMUNIDAD DE MADRID;MADRID;LEGANES;261;20.01.21;PXM LEGANES - CALLE DEL CARMEN2, 10;ESTANDAR;URB.RESIDENCIAL;NACIONAL6;887’512.41 €;15%;755’555.28 €;100%; -   € 
COMUNIDAD VALENCIANA;VALENCIA;VALENCIA;124;28.06.19;PXV CULTURA,1;PLUS;URB.COMERCIAL;NACIONAL7;884’754.98 €;23%;677’459.95 €;27%;492’392.06 €
PRINCIPADO DE ASTURIAS;ASTURIAS;GIJON;192;21.05.21;PXO CALLE AGUADO, 29;PLUS;URB.RESIDENCIAL;NACIONAL6;884’155.51 €;53%;413’157.79 €;100%; -   € 
ISLAS BALEARES;ISLAS BALEARES;PALMA DE MALLORCA;601;25.05.18;PXPM ARAGÓN 5;ESTANDAR;URB.RESIDENCIAL;NACIONAL4;879’733.87 €;-3%;901’774.57 €;-40%;1’260’098.04 €
ANDALUCÍA;CÁDIZ;SAN FERNANDO;131;19.06.20;PXCA SAN RAFAEL, 14;ESTANDAR;URB.COMERCIAL;NACIONAL7;878’452.32 €;24%;666’115.92 €;55%;301’392.55 €
CASTILLA Y LEÓN;ZAMORA;TABARA;371;05.02.21;PXZA TABARA - PUEBLICA,3;ESTANDAR;RURAL;NACIONAL4;876’336.23 €;15%;747’796.32 €;100%; -   € 
COMUNIDAD DE MADRID;MADRID;MADRID;53;10.03.17;PXM PLAZA DEL ÁNGEL, 11;XPLUS;URB.RESIDENCIAL;NACIONAL7;869’336.51 €;21%;689’553.51 €;34%;456’027.15 €
CASTILLA Y LEÓN;SALAMANCA;SALAMANCA;237;14.12.18;PXSA PLAZA GABRIEL Y GALÁN2  6;PLUS;URB.RESIDENCIAL;NACIONAL5;865’502.01 €;2%;850’790.36 €;-11%;946’934.07 €
COMUNIDAD DE MADRID;MADRID;MADRID;244;26.09.12;PXM AGASTIA 48;PLUS;URB.RESIDENCIAL;NACIONAL5;862’163.30 €;1%;856’388.41 €;-26%;1’080’806.79 €
PAÍS VASCO;VIZCAYA;BILBAO;102;05.05.17;PXBI CATALUÑA2, 1;PLUS;URB.RESIDENCIAL;NACIONAL7;861’468.67 €;5%;818’703.68 €;-10%;900’114.17 €
ANDALUCÍA;CÓRDOBA;CARPIO (EL);277;22.04.21;PXCO EL CARPIO;ESTANDAR;RURAL;NACIONAL6;859’426.88 €;40%;516’378.13 €;100%; -   € 
ANDALUCÍA;MÁLAGA;RINCON DE LA VICTORIA;145;25.10.19;PXMA ANTONIO MACHADO;ESTANDAR;URB.COMERCIAL;NACIONAL6;857’657.30 €;21%;676’968.05 €;3%;655’368.35 €
CATALUÑA;BARCELONA;VILAFRANCA DEL PENEDES;155;08.10.20;PXB VILAFRANCA DEL PENEDES - GELIDA, 32;PLUS;URB.RESIDENCIAL;NACIONAL6;857’207.80 €;19%;693’458.63 €;77%;158’816.97 €
ANDALUCÍA;HUELVA;HUELVA;231;16.12.16;PXH PASEO DE LA INDEPENDENCIA 51;ESTANDAR;URB.RESIDENCIAL;NACIONAL5;856’260.85 €;6%;805’425.02 €;-15%;925’208.15 €
PAÍS VASCO;VIZCAYA;PORTUGALETE;295;17.04.19;PXBI PORTUGALETE2;PLUS;URB.RESIDENCIAL;NACIONAL5;854’550.19 €;-5%;895’162.76 €;16%;755’816.16 €
CASTILLA Y LEÓN;SALAMANCA;SALAMANCA;209;14.12.21;PXSA PASEO DEL ROLLO;ESTANDAR;URB.RESIDENCIAL;NACIONAL5;853’114.71 €;95%;43’999.18 €;100%; -   € 
COMUNIDAD VALENCIANA;VALENCIA;VALENCIA;169;20.08.14;PXV AVDA. BLASCO IBAÑEZ, 153;ESTANDAR;URB.RESIDENCIAL;NACIONAL6;848’946.65 €;-2%;864’444.71 €;7%;801’219.57 €
PAÍS VASCO;VIZCAYA;BILBAO;178;27.07.15;PXBI CALLE SENDEJA;XPLUS;URB.COMERCIAL;NACIONAL6;848’371.05 €;8%;776’525.11 €;-3%;800’343.18 €
COMUNIDAD DE MADRID;MADRID;MADRID;125;19.06.20;PXM GRAVINA 3;PLUS;URB.COMERCIAL;NACIONAL7;846’999.12 €;11%;756’423.20 €;48%;390’943.22 €
COMUNIDAD DE MADRID;MADRID;BUITRAGO DEL LOZOYA;122;12.07.18;PXM BUITRAGO DE LOZOYA;PLUS;URB.RESIDENCIAL;NACIONAL7;838’124.72 €;1%;828’326.40 €;-7%;884’388.19 €
ANDALUCÍA;CÁDIZ;SAN FERNANDO;149;14.07.17;PXCA SAN FERNANDO - CALLE REAL, 90;ESTANDAR;URB.COMERCIAL;NACIONAL6;835’417.11 €;5%;792’531.26 €;-14%;904’530.08 €
LA RIOJA;LA RIOJA;VILLAMEDIANA DE IREGUA;299;25.04.17;PXLO CALLE PIQUERAS2, 76;PLUS;URB.RESIDENCIAL;NACIONAL4;834’890.69 €;11%;744’890.50 €;-8%;800’879.57 €
ANDALUCÍA;HUELVA;HUELVA;222;09.06.17;PXH AVDA ALEMANIA, 27;ESTANDAR;URB.COMERCIAL;NACIONAL5;832’147.66 €;9%;758’985.11 €;-11%;843’985.72 €
COMUNIDAD DE MADRID;MADRID;MADRID;155;18.10.13;PXM MAIQUEZ;PLUS;URB.RESIDENCIAL;NACIONAL6;830’684.91 €;-9%;902’103.97 €;-9%;985’320.27 €
EXTREMADURA;BADAJOZ;MERIDA;199;12.06.15;PXBA MÉRIDA - PLAZA SANTA MARÍA, 1;PLUS;URB.COMERCIAL;NACIONAL6;830’663.54 €;17%;692’662.44 €;1%;686’300.64 €
COMUNIDAD DE MADRID;MADRID;MADRID;251;29.10.21;PXM SANTA ENGRACIA 3;PLUS;URB.RESIDENCIAL;NACIONAL5;828’143.30 €;85%;125’773.33 €;100%; -   € 
COMUNIDAD VALENCIANA;VALENCIA;VALENCIA;181;14.05.21;PXV AVDA. MANUEL CANDELA, 56;PLUS;URB.RESIDENCIAL;NACIONAL6;826’965.21 €;41%;483’923.30 €;100%; -   € 
ANDALUCÍA;SEVILLA;SEVILLA;117;22.03.19;PXSE ANTONIA DÍAZ;ESTANDAR;URB.COMERCIAL;NACIONAL7;824’735.47 €;26%;610’495.51 €;17%;509’690.15 €
COMUNIDAD DE MADRID;MADRID;MADRID;112;21.06.17;PXM CALLE DESENGAÑO, 12;PLUS;URB.COMERCIAL;NACIONAL6;824’565.21 €;-11%;914’132.88 €;10%;822’848.87 €
COMUNIDAD FORAL DE NAVARRA;NAVARRA;PAMPLONA/IRUÑA;99;15.11.18;PXNA ANELIER;ESTANDAR;URB.RESIDENCIAL;NACIONAL6;824’043.22 €;14%;704’722.07 €;13%;609’711.69 €
CANTABRIA;CANTABRIA;SANTANDER;161;17.07.20;PXS GENERAL DÁVILA, 306;PLUS;URB.RESIDENCIAL;NACIONAL6;823’371.48 €;16%;693’287.17 €;58%;291’784.24 €
CASTILLA Y LEÓN;SALAMANCA;SALAMANCA;209;14.12.19;PXSA CANALEJAS;PLUS;URB.RESIDENCIAL;NACIONAL5;818’917.09 €;16%;684’215.92 €;5%;652’669.46 €
CATALUÑA;LÉRIDA;LLEIDA;275;29.05.20;PXL CALLE MARIOLA;ESTANDAR;URB.RESIDENCIAL;NACIONAL5;816’461.54 €;7%;756’199.44 €;44%;423’658.77 €
COMUNIDAD DE MADRID;MADRID;MOSTOLES;265;26.06.20;PXM MOSTOLES - EMPECINADO2;ESTANDAR;URB.RESIDENCIAL;NACIONAL5;814’339.73 €;-15%;934’678.12 €;56%;409’359.49 €
ANDALUCÍA;GRANADA;ALHENDIN;286;14.12.21;PXGR ALHENDIN - CTRA BAILEN;ESTANDAR;URB.RESIDENCIAL;NACIONAL5;813’564.50 €;95%;41’213.23 €;100%; -   € 
COMUNIDAD VALENCIANA;VALENCIA;VALENCIA;159;23.12.15;PXV PADRE HUÉRFANOS;ESTANDAR;URB.COMERCIAL;NACIONAL6;812’851.07 €;12%;713’861.26 €;-1%;719’197.79 €
PAÍS VASCO;VIZCAYA;PLENTZIA;171;08.11.19;PXBI PLENTZIA3;PLUS;URB.RESIDENCIAL;NACIONAL7;812’729.23 €;3%;788’753.66 €;-1%;794’478.95 €
PAÍS VASCO;GUIPÚZCOA;LASARTE-ORIA;664;16.05.12;PXSS LASARTE 2;PLUS;URB.RESIDENCIAL;NACIONAL4;809’703.54 €;4%;776’311.67 €;-4%;810’237.82 €
PAÍS VASCO;VIZCAYA;BERANGO;179;25.10.18;PXBI SABINO ARANA;PLUS;URB.RESIDENCIAL;NACIONAL6;809’019.63 €;10%;726’986.50 €;-6%;771’575.70 €
COMUNIDAD DE MADRID;MADRID;MADRID;129;04.02.17;PXM FUENCARRAL 3;PLUS;URB.COMERCIAL;NACIONAL7;808’173.66 €;-27%;1’027’024.33 €;-27%;1’299’951.20 €
ANDALUCÍA;SEVILLA;SEVILLA;216;04.10.13;PXSE SAUCEDA, 5;PLUS;URB.COMERCIAL;NACIONAL6;805’648.35 €;25%;601’819.45 €;-2%;611’696.94 €
COMUNIDAD DE MADRID;MADRID;MADRID;143;15.10.21;PXM PASTORA IMPRERIO2;ESTANDAR;URB.RESIDENCIAL;NACIONAL6;805’061.21 €;82%;142’982.57 €;100%; -   € 
COMUNIDAD DE MADRID;MADRID;MADRID;343;12.07.19;PXM JUAN ÁLV MEND 4;PLUS;URB.RESIDENCIAL;NACIONAL6;803’867.87 €;7%;747’519.98 €;-14%;851’703.46 €
LA RIOJA;LA RIOJA;LOGROÑO;221;29.11.17;PXLO BEATOS MENA Y NAVARRETE, 50;PLUS;URB.RESIDENCIAL;NACIONAL5;799’774.38 €;8%;737’673.31 €;-9%;803’763.73 €
LA RIOJA;LA RIOJA;ALBELDA DE IREGUA;208;18.12.20;PXLO ALBELDA DE IREGUA - ESCUELAS PIAS;ESTANDAR;RURAL;NACIONAL5;797’889.47 €;10%;721’707.59 €;96%;30’257.37 €
PRINCIPADO DE ASTURIAS;ASTURIAS;OVIEDO;143;21.08.20;PXO FUNDACIÓN PPE ASTURIAS 2;PLUS;URB.RESIDENCIAL;NACIONAL5;796’284.25 €;21%;627’864.74 €;73%;170’133.22 €
COMUNIDAD DE MADRID;MADRID;ALCOBENDAS;174;20.05.20;PXM ALCOBENDAS - CALLE SEGOVIA;ESTANDAR;URB.RESIDENCIAL;NACIONAL6;795’280.30 €;7%;739’150.38 €;44%;414’459.70 €
ANDALUCÍA;CÁDIZ;PATERNA DE RIVERA;280;16.07.21;PXCA PATERNA DE RIVERA - BLAS INFANTE;ESTANDAR;RURAL;NACIONAL5;794’835.67 €;59%;322’380.69 €;100%; -   € 
COMUNIDAD DE MADRID;MADRID;MADRID;87;19.06.20;PXM EMBAJADORES 2;XPLUS;URB.COMERCIAL;NACIONAL7;794’283.39 €;4%;760’576.13 €;53%;354’923.62 €
COMUNIDAD VALENCIANA;VALENCIA;VALENCIA;220;04.02.20;PXV GRAN VÍA FNDO EL CATÓLICO IV, 22;PLUS;URB.COMERCIAL;NACIONAL6;790’076.80 €;14%;682’351.93 €;15%;578’403.76 €
COMUNIDAD DE MADRID;MADRID;MADRID;115;29.06.18;PXM CASTELLÓ, 81;XPLUS;URB.RESIDENCIAL;NACIONAL7;789’209.95 €;11%;701’732.36 €;0%;705’139.92 €
PAÍS VASCO;VIZCAYA;ETXEBARRI, ANTEIGLESIA DE SAN;233;13.10.17;PXBI JULIAN GAYARRE 2;PLUS;URB.RESIDENCIAL;NACIONAL5;786’626.27 €;5%;747’644.21 €;-13%;845’912.44 €
PRINCIPADO DE ASTURIAS;ASTURIAS;GIJON;194;26.11.21;PXO PASEO BEGOÑA, 5;ESTANDAR;URB.RESIDENCIAL;NACIONAL6;786’440.51 €;93%;56’141.52 €;100%; -   € 
CANTABRIA;CANTABRIA;LIERGANES;158;15.05.13;PXS LIERGANES;XPLUS;URB.RESIDENCIAL;NACIONAL6;785’634.26 €;12%;694’234.52 €;-6%;734’952.02 €
COMUNIDAD VALENCIANA;ALICANTE;GUARDAMAR DEL SEGURA;445;;PXA GUARDAMAR;XPLUS;URB.RESIDENCIAL;NACIONAL4;783’441.69 €;17%;653’335.30 €;0%;650’688.17 €
ANDALUCÍA;SEVILLA;SEVILLA;286;15.12.15;PXSE LUIS MONTOTO, 46-2;PLUS;URB.COMERCIAL;NACIONAL5;778’726.13 €;9%;709’781.13 €;-16%;825’436.35 €
ARAGÓN;TERUEL;TERUEL;100;19.10.17;PXTE RAMBLA SAN JULIAN 2;ESTANDAR;URB.RESIDENCIAL;NACIONAL7;777’059.77 €;14%;667’175.84 €;1%;663’636.25 €
EXTREMADURA;BADAJOZ;BADAJOZ;214;02.12.16;PXBA FRANCISCO VACA MORALES,8;ESTANDAR;URB.RESIDENCIAL;NACIONAL5;776’302.11 €;5%;735’552.56 €;-3%;756’317.27 €
CANTABRIA;CANTABRIA;SANTANDER;148;19.02.16;PXS AVDA. DE LOS CASTROS, 79;XPLUS;URB.RESIDENCIAL;NACIONAL6;773’701.08 €;8%;715’354.02 €;-5%;749’427.86 €
ANDALUCÍA;MÁLAGA;RINCON DE LA VICTORIA;168;30.07.13;PXMA CALLE JANO 4;ESTANDAR;URB.RESIDENCIAL;NACIONAL5;773’602.80 €;5%;735’657.42 €;-10%;806’263.90 €
ANDALUCÍA;SEVILLA;SEVILLA;190;20.11.20;PXSE MENENDEZ Y PELAYO, 33;ESTANDAR;URB.COMERCIAL;NACIONAL7;772’221.89 €;28%;555’994.17 €;92%;44’969.43 €
EXTREMADURA;BADAJOZ;BADAJOZ;242;04.12.15;PXBA DAMIÁN TELLEZ;PLUS;URB.RESIDENCIAL;NACIONAL5;767’959.42 €;7%;710’959.58 €;-8%;764’856.48 €
COMUNIDAD FORAL DE NAVARRA;NAVARRA;HUARTE/UHARTE;242;11.03.16;PXNA HUARTE;PLUS;URB.RESIDENCIAL;NACIONAL5;765’769.88 €;6%;720’495.75 €;-3%;742’516.95 €
CASTILLA Y LEÓN;LEÓN;LEON;298;07.10.21;PXLE SUERO DE QUIÑONES, 19;ESTANDAR;URB.RESIDENCIAL;NACIONAL5;762’526.60 €;79%;157’568.99 €;100%; -   € 
ANDALUCÍA;CÁDIZ;ALGECIRAS;216;25.09.20;PXCA ALGECIRAS - PABLO MAYAYO 2;ESTANDAR;URB.RESIDENCIAL;NACIONAL5;760’191.21 €;-4%;790’670.40 €;71%;232’646.02 €
EXTREMADURA;BADAJOZ;BADAJOZ;146;22.02.17;PXBA AVDA. PARDALERAS, 2;PLUS;URB.RESIDENCIAL;NACIONAL6;759’460.60 €;4%;729’172.11 €;-4%;756’256.46 €
ANDALUCÍA;MÁLAGA;RINCON DE LA VICTORIA;172;23.03.16;PXMA CALLE ANDALUCIA 30;ESTANDAR;URB.RESIDENCIAL;NACIONAL6;755’352.57 €;-14%;863’380.38 €;-11%;962’565.73 €
CASTILLA LA MANCHA;GUADALAJARA;GUADALAJARA;142;06.10.17;PXGU VIZCONDESA DE JORBALAN;ESTANDAR;URB.RESIDENCIAL;NACIONAL7;753’964.77 €;6%;705’226.54 €;-1%;713’860.27 €
PAÍS VASCO;GUIPÚZCOA;IRUN;139;18.03.16;PXSS LOPE DE PRIMAUT;PLUS;URB.RESIDENCIAL;NACIONAL6;753’375.21 €;6%;705’155.55 €;-13%;795’863.06 €
ANDALUCÍA;GRANADA;GRANADA;267;08.09.21;PXGR ANGEL GANIVET, 5;ESTANDAR;URB.RESIDENCIAL;NACIONAL5;752’984.01 €;73%;205’127.27 €;100%; -   € 
COMUNIDAD FORAL DE NAVARRA;NAVARRA;PAMPLONA/IRUÑA;196;31.01.20;PXNA PADRE TOMÁS ESTEBAN;ESTANDAR;URB.RESIDENCIAL;NACIONAL5;751’982.83 €;13%;652’018.18 €;19%;525’571.36 €
COMUNIDAD DE MADRID;MADRID;TRES CANTOS;193;11.10.19;PXM TRES CANTOS;ESTANDAR;URB.RESIDENCIAL;NACIONAL6;749’813.12 €;-11%;832’380.00 €;-15%;958’767.12 €
COMUNIDAD DE MADRID;MADRID;MADRID;190;30.10.20;PXM MONTESA2, 13;PLUS;URB.RESIDENCIAL;NACIONAL6;748’970.15 €;9%;679’233.80 €;80%;137’002.43 €
ANDALUCÍA;SEVILLA;SEVILLA;144;13.12.13;PXSE CALLE FERIA;ESTANDAR;URB.COMERCIAL;NACIONAL5;747’374.93 €;12%;660’145.35 €;-8%;714’620.00 €
ANDALUCÍA;GRANADA;GRANADA;252;28.08.20;PXGR CAMINO DE RONDA, 80;ESTANDAR;URB.COMERCIAL;NACIONAL6;741’822.70 €;15%;627’105.01 €;65%;222’011.55 €
ANDALUCÍA;GRANADA;GRANADA;178;04.10.19;PXGR AVDA. BARCELONA2;ESTANDAR;URB.RESIDENCIAL;NACIONAL6;738’908.80 €;14%;637’848.30 €;0%;640’149.76 €
COMUNIDAD DE MADRID;MADRID;MADRID;89;13.03.20;PXM ESPIRITU SANTO 4;PLUS;URB.COMERCIAL;NACIONAL7;738’605.84 €;-10%;810’593.79 €;10%;725’988.81 €
PAÍS VASCO;VIZCAYA;BILBAO;375;28.11.14;PXBI GETXO-CALLE EDUARDO COSTE;PLUS;URB.RESIDENCIAL;NACIONAL4;735’980.92 €;2%;721’669.79 €;-13%;812’500.10 €
COMUNIDAD FORAL DE NAVARRA;NAVARRA;BURLADA;238;17.09.20;PXNA BURLADA - MAYOR,62;ESTANDAR;URB.RESIDENCIAL;NACIONAL5;735’425.68 €;19%;597’402.28 €;75%;148’898.15 €
COMUNIDAD DE MADRID;MADRID;MADRID;109;31.07.20;PXM ALBERTO ALCOCER, 46;PLUS;URB.COMERCIAL;NACIONAL7;732’739.94 €;20%;587’815.34 €;65%;206’495.36 €
COMUNIDAD FORAL DE NAVARRA;NAVARRA;HIRIBERRI/VILLANUEVA DE AEZKOA;104;31.03.21;PXNA ARIBE - STA MARÍA;PLUS;URB.RESIDENCIAL;NACIONAL7;731’593.66 €;23%;565’446.47 €;100%; -   € 
CANTABRIA;CANTABRIA;BAREYO;198;23.06.17;PXS AJO - BENEDICTO RUIZ, 517;PLUS;URB.RESIDENCIAL;NACIONAL6;730’107.68 €;15%;617’364.17 €;-3%;635’673.01 €
EXTREMADURA;BADAJOZ;MERIDA;255;31.08.16;PXBA MERIDA-AVD. JUAN CARLOS I;ESTANDAR;URB.RESIDENCIAL;NACIONAL5;728’509.05 €;11%;645’717.93 €;-16%;750’430.20 €
ANDALUCÍA;GRANADA;GRANADA;153;26.11.21;PXGR GRANADA AVENIDA DEL SUR, 21;ESTANDAR;URB.RESIDENCIAL;NACIONAL6;720’636.52 €;91%;61’779.74 €;100%; -   € 
CATALUÑA;TARRAGONA;SALOU;167;17.06.21;PXT SALOU GINESTA, 3;XPLUS;URB.COMERCIAL;NACIONAL6;720’385.88 €;57%;312’446.88 €;100%; -   € 
COMUNIDAD DE MADRID;MADRID;TIELMES;376;17.08.18;PXM TIELMES;ESTANDAR;RURAL;NACIONAL4;714’122.74 €;-2%;728’794.65 €;-45%;1’058’418.10 €
COMUNIDAD VALENCIANA;VALENCIA;GODELLA;306;30.10.20;PXV GODELLA - SAN ANTONIO II, 55;ESTANDAR;URB.RESIDENCIAL;NACIONAL6;712’999.30 €;10%;639’361.24 €;85%;97’835.06 €
COMUNIDAD DE MADRID;MADRID;POZUELO DE ALARCON;128;25.02.21;PXM POZUELO - COSTANILLA DEL OLIVAR;PLUS;URB.COMERCIAL;NACIONAL7;712’929.52 €;35%;466’873.44 €;100%; -   € 
COMUNIDAD VALENCIANA;VALENCIA;VALENCIA;294;31.03.21;PXV CARDENAL BENLLOCH III;ESTANDAR;URB.RESIDENCIAL;NACIONAL5;711’788.90 €;41%;417’424.25 €;100%; -   € 
CASTILLA Y LEÓN;LEÓN;VEGA DE ESPINAREDA;286;12.09.20;PXLE VEGA DE ESPINAREDA 2;ESTANDAR;RURAL;NACIONAL5;711’660.14 €;11%;631’962.86 €;68%;201’646.88 €
COMUNIDAD DE MADRID;MADRID;MOSTOLES;309;03.09.21;PXM PINTOR VELAZQUEZ, 2;ESTANDAR;URB.RESIDENCIAL;NACIONAL5;709’217.78 €;72%;201’084.61 €;100%; -   € 
COMUNIDAD DE MADRID;MADRID;MADRID;113;11.07.13;PXM CAMPEZO;ESTANDAR;URB.RESIDENCIAL;NACIONAL8;706’750.86 €;14%;607’421.49 €;-12%;682’742.08 €
CASTILLA LA MANCHA;TOLEDO;SANTA CRUZ DEL RETAMAR;339;09.08.19;PXTO STA. CRUZ DE RETAMAR;ESTANDAR;RURAL;NACIONAL4;706’095.00 €;11%;627’800.46 €;-16%;726’410.40 €
COMUNIDAD DE MADRID ;MADRID;MADRID;156;30.07.21;PXM HERMANOS GOMEZ, 32;ESTANDAR;URB.RESIDENCIAL;NACIONAL7;702’067.06 €;69%;218’939.33 €;100%; -   € 
COMUNIDAD DE MADRID;MADRID;ALCALA DE HENARES;169;30.03.21;PXM ALCALA - PO DE LA ESTACIÓN, 15;ESTANDAR;URB.RESIDENCIAL;NACIONAL6;696’963.84 €;45%;381’029.45 €;100%; -   € 
ANDALUCÍA;CÁDIZ;CHICLANA DE LA FRONTERA;228;23.11.21;PXCA CHICLANA - PLAZA, 23;ESTANDAR;URB.RESIDENCIAL;NACIONAL6;696’905.54 €;89%;75’580.87 €;100%; -   € 
PAÍS VASCO;GUIPÚZCOA;ANDOAIN;210;30.06.15;PXSS ANDOAIN2;PLUS;URB.RESIDENCIAL;NACIONAL6;696’104.57 €;-8%;755’118.51 €;-3%;776’700.74 €
ANDALUCÍA;ILOCALIZADO;ILOCALIZADO;215;18.11.21;PXMA CALLE MEFISTOFELES, 16;PLUS;URB.RESIDENCIAL;NACIONAL6;695’694.12 €;90%;66’812.57 €;100%; -   € 
EXTREMADURA;BADAJOZ;BADAJOZ;266;24.03.17;PXBA AVDA. JUAN SEBASTIÁN EL CANO, 37-39;PLUS;URB.RESIDENCIAL;NACIONAL5;694’604.96 €;-3%;713’790.29 €;-11%;791’854.35 €
COMUNIDAD DE MADRID;MADRID;MADRID;132;26.11.21;PXM CALLE TEMBLEQUE, 66;ESTANDAR;URB.RESIDENCIAL;NACIONAL7;693’594.40 €;91%;61’790.43 €;100%; -   € 
CATALUÑA;BARCELONA;BARCELONA;116;23.12.15;PXB TORRENT DE L'OLLA;PLUS;URB.COMERCIAL;NACIONAL6;690’622.78 €;9%;625’138.93 €;-24%;777’592.23 €
PAÍS VASCO;VIZCAYA;ONDARROA;196;14.10.11;PXBI ONDARROA;PLUS;URB.RESIDENCIAL;NACIONAL6;690’401.65 €;6%;651’630.53 €;-10%;715’529.52 €
ANDALUCÍA;SEVILLA;SEVILLA;88;12.07.19;PXSE ALTOZANO;PLUS;CONVENIENCIA;NACIONAL7;689’113.40 €;16%;578’366.66 €;7%;537’334.20 €
ANDALUCÍA;CÓRDOBA;CORDOBA;134;30.07.19;PXCO PLAZA DEL ESCUDO;PLUS;URB.COMERCIAL;NACIONAL6;688’907.05 €;22%;534’813.13 €;-3%;549’569.03 €
PAÍS VASCO;GUIPÚZCOA;ASTIGARRAGA;194;19.10.16;PXSS PASEO RIBERA DE LOIOLA;PLUS;URB.RESIDENCIAL;NACIONAL6;688’469.68 €;-3%;712’384.48 €;-18%;842’784.44 €
EXTREMADURA;BADAJOZ;BURGUILLOS DEL CERRO;298;23.03.16;PXBA BURGUILLOS DEL CERRO;ESTANDAR;RURAL;NACIONAL5;683’981.74 €;7%;635’734.79 €;-9%;694’105.21 €
ANDALUCÍA;CÓRDOBA;CORDOBA;127;05.06.20;PXCO SANTA MARÍA DE GRACIA, 3;ESTANDAR;URB.COMERCIAL;NACIONAL7;680’235.58 €;27%;496’453.27 €;51%;244’221.58 €
CATALUÑA;BARCELONA;SANTA COLOMA DE GRAMENET;149;30.11.17;PXB SANTA COLOMA2 - AVDA BANUS;AGRESIVA;URB.RESIDENCIAL;NACIONAL6;675’569.56 €;5%;644’056.09 €;-29%;828’897.69 €
GALICIA;LUGO;SARRIA;289;12.04.19;PXLU DIEGO PAZOS;ESTANDAR;RURAL;NACIONAL5;674’892.36 €;8%;623’413.45 €;-24%;775’867.83 €
ANDALUCÍA;SEVILLA;SEVILLA;265;17.08.18;PXSE RESOLANA2, 12-14;ESTANDAR;URB.RESIDENCIAL;NACIONAL6;669’789.60 €;13%;585’571.89 €;-3%;604’539.07 €
LA RIOJA;LA RIOJA;NAVARRETE;216;08.07.16;PXLO NAVARRETE2;ESTANDAR;URB.RESIDENCIAL;NACIONAL6;666’885.84 €;7%;617’034.24 €;-5%;645’551.82 €
CATALUÑA;GERONA;GIRONA;278;28.05.21;PXGI FRANCESC ARTAU, 2;ESTANDAR;URB.RESIDENCIAL;NACIONAL6;665’610.39 €;60%;269’506.06 €;100%; -   € 
CASTILLA Y LEÓN;VALLADOLID;VALLADOLID;106;19.10.18;PXVA PLAZA CIRCULAR, 7;PLUS;URB.RESIDENCIAL;NACIONAL7;657’360.29 €;5%;625’212.92 €;-5%;654’753.70 €
EXTREMADURA ;CÁCERES;PLASENCIA;158;14.12.21;PXCC PLASENCIA - CALLE TALAVERA;PLUS;URB.RESIDENCIAL;NACIONAL7;656’842.78 €;96%;28’672.26 €;100%; -   € 
ANDALUCÍA;SEVILLA;SEVILLA;155;05.12.18;PXSE RONDA CAPUCHINOS;ESTANDAR;URB.RESIDENCIAL;NACIONAL6;655’111.07 €;8%;600’561.47 €;-16%;694’751.60 €
EXTREMADURA;BADAJOZ;ALMENDRALEJO;351;18.09.17;PXBA ALMENDRALEJO2- CALLE CRUZ;ESTANDAR;RURAL;NACIONAL5;649’498.83 €;9%;589’774.06 €;-6%;625’220.22 €
PAÍS VASCO;ÁLAVA;AYALA/AIARA;214;26.06.14;PXVI AMURRIO - DIONISIO ALDAMA, 11;PLUS;URB.RESIDENCIAL;NACIONAL6;648’694.04 €;5%;617’589.05 €;-17%;724’518.10 €
CANTABRIA;CANTABRIA;SANTANDER;170;23.12.21;PXS MARQUÉS DE LA HERMIDA,14;PLUS;URB.RESIDENCIAL;NACIONAL6;643’153.20 €;98%;15’981.92 €;100%; -   € 
LA RIOJA;LA RIOJA;LOGROÑO;176;04.06.14;PXLO CALLE OESTE, 13;PLUS;URB.RESIDENCIAL;NACIONAL6;639’212.82 €;4%;615’530.32 €;-16%;716’031.18 €
ANDALUCÍA;GRANADA;MONACHIL;327;06.08.21;PXGR HUETOR VEGA2;AGRESIVA;RURAL;NACIONAL6;639’080.38 €;69%;197’557.41 €;100%; -   € 
CANTABRIA;CANTABRIA;NOJA;706;17.06.16;PXS NOJA - AVENIDA DEL RIS;PLUS;URB.RESIDENCIAL;NACIONAL6;638’096.77 €;17%;530’023.42 €;-5%;558’280.30 €
ANDALUCÍA;MÁLAGA;BENAHAVIS;141;23.12.21;PXMA BENAHAVIS;PLUS;URB.RESIDENCIAL;NACIONAL7;636’676.34 €;98%;13’722.32 €;100%; -   € 
ANDALUCÍA;HUELVA;HUELVA;142;23.04.20;PXH CALLE CALA, 10;ESTANDAR;URB.COMERCIAL;NACIONAL6;634’910.49 €;10%;570’130.75 €;36%;366’190.61 €
PRINCIPADO DE ASTURIAS;ASTURIAS;TINEO;271;18.03.21;PXO TINEO;ESTANDAR;RURAL;NACIONAL6;632’680.36 €;30%;444’086.83 €;100%; -   € 
CASTILLA Y LEÓN;LEÓN;FABERO;386;13.09.19;PXLE FABERO3;PLUS;RURAL;NACIONAL4;630’741.24 €;-3%;649’127.40 €;-19%;769’573.13 €
CASTILLA LA MANCHA;TOLEDO;PUEBLANUEVA (LA);269;06.09.13;PXTO PUEBLANUEVA;ESTANDAR;RURAL;NACIONAL5;629’767.80 €;10%;564’946.84 €;-15%;652’324.29 €
EXTREMADURA;BADAJOZ;BADAJOZ;168;26.09.14;PXBA AVDA. RICARDO CARAPETO, 38;ESTANDAR;URB.RESIDENCIAL;NACIONAL7;625’591.98 €;7%;581’088.25 €;-12%;652’343.13 €
ANDALUCÍA;CÁDIZ;SANLUCAR DE BARRAMEDA;201;15.10.21;PXCA SAN LUCAR - CORREO;ESTANDAR;URB.RESIDENCIAL;NACIONAL6;623’128.82 €;84%;100’114.85 €;100%; -   € 
ANDALUCÍA;MÁLAGA;RINCON DE LA VICTORIA;205;29.12.18;PXMA SANTA ROSALIA MAQUEDA;ESTANDAR;URB.RESIDENCIAL;NACIONAL6;621’542.53 €;4%;597’435.32 €;-57%;940’396.56 €
COMUNIDAD DE MADRID;MADRID;MADRID;109;09.08.19;PXM CALLE DOCTOR ESQUERDO, 217;PLUS;URB.COMERCIAL;NACIONAL7;620’992.59 €;2%;606’561.58 €;1%;602’845.99 €
PAÍS VASCO;VIZCAYA;GALDAKAO;158;22.10.21;PXSS GALDAKAO-SOLUBLE, 5;PLUS;URB.RESIDENCIAL;NACIONAL6;614’598.97 €;82%;107’760.99 €;100%; -   € 
PAÍS VASCO;ÁLAVA;VITORIA-GASTEIZ;265;24.08.11;PXVI EXPRESS CALLE GETARIA;PLUS;URB.RESIDENCIAL;NACIONAL5;613’818.14 €;13%;536’285.54 €;-23%;658’302.40 €
CASTILLA Y LEÓN;VALLADOLID;VALLADOLID;115;12.11.21;PXVA PLAZA DE LA LIBERTAD;XPLUS;URB.COMERCIAL;NACIONAL7;611’818.92 €;88%;72’607.44 €;100%; -   € 
EXTREMADURA;BADAJOZ;MERIDA;298;24.09.15;PXBA MÉRIDA - AVDA. LUSITANIA;ESTANDAR;URB.RESIDENCIAL;NACIONAL6;610’967.98 €;0%;612’492.46 €;-10%;673’334.89 €
COMUNIDAD VALENCIANA;VALENCIA;CULLERA;453;;PXV CULLERA  AVD DEL RACÓ, 14;PLUS;URB.RESIDENCIAL;NACIONAL4;605’959.30 €;8%;558’824.11 €;5%;530’033.77 €
PAÍS VASCO;GUIPÚZCOA;DONOSTIA-SAN SEBASTIAN;69;03.12.21;PXSS ALAMEDA DEL BOULEVARD2, 19;PLUS;URB.RESIDENCIAL;NACIONAL7;605’603.87 €;93%;43’683.48 €;100%; -   € 
ISLAS BALEARES;ISLAS BALEARES;PALMA DE MALLORCA;110;17.12.21;PXPM CAN PASTILLA;XPLUS;URB.COMERCIAL;NACIONAL7;605’168.01 €;98%;11’531.98 €;100%; -   € 
COMUNIDAD VALENCIANA;VALENCIA;VALENCIA;206;19.09.12;PXV MARINA ALTA;PLUS;URB.RESIDENCIAL;NACIONAL6;603’216.85 €;5%;574’426.60 €;-5%;602’238.94 €
EXTREMADURA;BADAJOZ;BADAJOZ;123;22.04.15;PXBA RONDA DEL PILAR, 45;ESTANDAR;URB.RESIDENCIAL;NACIONAL6;599’673.42 €;8%;551’708.48 €;-8%;594’030.02 €
EXTREMADURA;BADAJOZ;MONTIJO;283;30.09.15;PXBA MONTIJO;ESTANDAR;RURAL;NACIONAL5;598’958.03 €;6%;564’073.98 €;-26%;710’277.10 €
ANDALUCÍA;SEVILLA;SEVILLA;189;13.11.18;PXSE CARDENAL CERVANTES;PLUS;URB.COMERCIAL;NACIONAL6;597’952.39 €;22%;468’991.33 €;-9%;512’736.24 €
COMUNIDAD DE MADRID;MADRID;MADRID;220;08.10.21;PXM HERNANI, 31;ESTANDAR;URB.RESIDENCIAL;NACIONAL5;596’805.92 €;81%;110’887.81 €;100%; -   € 
ANDALUCÍA;SEVILLA;SEVILLA;123;03.12.21;PXSE CALLE ZARAGOZA, 31;PLUS;URB.RESIDENCIAL;NACIONAL7;594’493.79 €;94%;36’370.06 €;100%; -   € 
COMUNIDAD DE MADRID;MADRID;TORRELODONES;151;11.11.21;PXM ARGANDA DEL REY-LIBERTAD,2;ESTANDAR;URB.RESIDENCIAL;NACIONAL6;592’592.85 €;88%;68’210.61 €;100%; -   € 
EXTREMADURA;CÁCERES;JARAIZ DE LA VERA;204;20.04.18;PXCC JARAIZ DE LA VERA2;ESTANDAR;URB.RESIDENCIAL;NACIONAL6;590’541.46 €;3%;570’141.18 €;-10%;628’112.70 €
CANTABRIA;CANTABRIA;SANTANDER;224;04.06.21;PXS JUAN XXIII, 20;PLUS;URB.RESIDENCIAL;NACIONAL6;590’070.13 €;54%;269’802.34 €;100%; -   € 
COMUNIDAD FORAL DE NAVARRA;NAVARRA;BERRIOZAR;268;23.11.21;PXNA ANSOAIN - HNOS NOAIÍN, 3;PLUS;URB.RESIDENCIAL;NACIONAL5;585’755.27 €;92%;49’080.57 €;100%; -   € 
COMUNIDAD DE MADRID;MADRID;MADRID;147;19.11.21;PXM MAGDALENA 28;PLUS;URB.RESIDENCIAL;NACIONAL7;583’083.12 €;74%;151’697.54 €;100%; -   € 
PAÍS VASCO;GUIPÚZCOA;BEASAIN;127;11.12.15;PXSS BEASAIN;PLUS;URB.RESIDENCIAL;NACIONAL6;581’970.49 €;-8%;630’649.13 €;-10%;692’126.04 €
ANDALUCÍA;SEVILLA;SEVILLA;97;30.08.19;PXSE CALLE FERIA, 106;PLUS;URB.COMERCIAL;NACIONAL7;580’601.48 €;11%;516’888.26 €;-7%;553’499.63 €
COMUNIDAD DE MADRID;MADRID;MADRID;183;14.10.16;PXM AV FERROL, 1;XPLUS;URB.RESIDENCIAL;NACIONAL7;580’013.14 €;11%;514’586.81 €;-12%;577’942.42 €
ANDALUCÍA;CÁDIZ;CADIZ;90;20.02.20;PXCA ANCHA2, 31;PLUS;CONVENIENCIA;NACIONAL7;572’907.35 €;4%;549’379.50 €;16%;461’548.49 €
ANDALUCÍA;GRANADA;GRANADA;186;20.08.20;PXGR AGUSTINA DE ARAGON;ESTANDAR;URB.RESIDENCIAL;NACIONAL6;571’896.86 €;6%;539’878.99 €;65%;187’079.89 €
COMUNIDAD DE MADRID;MADRID;ALCOBENDAS;109;14.12.21;PXM ALCOBENDAS - ISAAC ALBENIZ;ESTANDAR;URB.RESIDENCIAL;NACIONAL7;562’664.04 €;96%;23’641.01 €;100%; -   € 
CATALUÑA;BARCELONA;VILAFRANCA DEL PENEDES;99;14.09.18;PXB VILLAFRANCA JOSEP TARRADELLAS,7;PLUS;URB.RESIDENCIAL;NACIONAL7;559’304.08 €;3%;540’880.97 €;-8%;583’434.05 €
CATALUÑA;BARCELONA;VILAFRANCA DEL PENEDES;157;05.12.18;PXB VILLAFRANCA - RAMBLA GIRADA, 84;PLUS;URB.RESIDENCIAL;NACIONAL5;555’407.60 €;3%;536’552.62 €;-14%;613’817.41 €
COMUNIDAD DE MADRID;MADRID;MADRID;82;23.11.16;PXM ANTONIO CUMELLA, 20;PLUS;URB.RESIDENCIAL;NACIONAL7;554’904.23 €;6%;522’677.12 €;-23%;642’597.77 €
GALICIA ;LA CORUÑA;POBRA DO CARAMIÑAL (A);279;15.10.21;PXC A POBRA DO CARAMIIÑAL - RUA PONTE;ESTANDAR;RURAL;NACIONAL5;554’889.63 €;76%;132’945.63 €;100%; -   € 
REGIÓN DE MURCIA;MURCIA;CEUTI;369;03.09.20;PXMU CEUTI - RAMON JARA, 31;AGRESIVA;RURAL;NACIONAL4;544’368.63 €;7%;506’178.54 €;58%;210’493.04 €
PAÍS VASCO;VIZCAYA;BASAURI;269;27.02.15;PXBI CALLE RAMÓN Y KAREAGA;PLUS;URB.RESIDENCIAL;NACIONAL5;543’791.23 €;-4%;567’785.08 €;-21%;687’352.66 €
COMUNIDAD DE MADRID;MADRID;MADRID;217;10.07.20;PXM PASEO DE LA HABANA V;PLUS;URB.RESIDENCIAL;NACIONAL5;541’875.57 €;-36%;735’633.32 €;53%;342’924.96 €
CASTILLA Y LEÓN;VALLADOLID;VALLADOLID;131;22.11.19;PXVA RAMÓN Y CAJAL, 12;PLUS;URB.RESIDENCIAL;NACIONAL6;534’042.55 €;8%;488’980.72 €;-6%;516’606.35 €
PAÍS VASCO;VIZCAYA;BILBAO;108;09.07.13;PXBI MAURICE RAVEL;PLUS;URB.RESIDENCIAL;NACIONAL7;533’860.06 €;-6%;564’937.04 €;-7%;604’530.02 €
COMUNIDAD DE MADRID;MADRID;FUENLABRADA;268;07.05.21;PXM FUENLABRADA - ARGENTINA, 13;ESTANDAR;URB.RESIDENCIAL;NACIONAL7;531’488.56 €;53%;248’356.58 €;100%; -   € 
COMUNIDAD DE MADRID;MADRID;MADRID;137;22.04.21;PXM VILLAJOYOSA, 87;ESTANDAR;URB.RESIDENCIAL;NACIONAL6;526’204.85 €;41%;311’938.56 €;100%; -   € 
REGIÓN DE MURCIA;MURCIA;MURCIA;125;25.11.20;PXMU DOCTOR JOSE TAPIA SANZ;AGRESIVA;URB.RESIDENCIAL;NACIONAL7;523’183.15 €;7%;485’284.93 €;90%;49’901.92 €
PRINCIPADO DE ASTURIAS;ASTURIAS;GIJON;118;12.08.21;PXO MARQUES DE SAN ESTEBAN;PLUS;URB.RESIDENCIAL;NACIONAL7;519’663.58 €;69%;163’160.15 €;100%; -   € 
GALICIA ;PONTEVEDRA;NIGRAN;170;17.12.21;PXPO NIGRAN ESTRADA POLA VIA 76;PLUS;RURAL;NACIONAL6;516’142.93 €;98%;8’309.89 €;100%; -   € 
ANDALUCÍA;JAÉN;JAEN;128;19.11.21;PXJ AVDA. ANDALUCÍA II;ESTANDAR;URB.RESIDENCIAL;NACIONAL6;511’949.15 €;91%;47’715.70 €;100%; -   € 
COMUNIDAD DE MADRID;MADRID;MADRID;80;22.02.17;PXM CALLE DULZAINA;PLUS;URB.RESIDENCIAL;NACIONAL7;508’780.90 €;-21%;613’970.10 €;-14%;698’368.61 €
EXTREMADURA;CÁCERES;ARROYO DE LA LUZ;351;23.11.18;PXCC ARROYO DE LA LUZ2;ESTANDAR;RURAL;NACIONAL5;505’870.21 €;-2%;517’464.49 €;-13%;583’769.34 €
PAÍS VASCO;VIZCAYA;BERRIZ;309;11.12.15;PXBI BERRIZ;ESTANDAR;RURAL;NACIONAL5;499’500.05 €;2%;488’746.12 €;-15%;564’375.56 €
ANDALUCÍA;SEVILLA;SEVILLA;93;28.05.20;PXSE SAN VICENTE2, 90;ESTANDAR;URB.RESIDENCIAL;NACIONAL7;497’927.11 €;7%;461’100.65 €;54%;213’808.39 €
COMUNIDAD FORAL DE NAVARRA;NAVARRA;PAMPLONA/IRUÑA;228;30.06.21;PXNA DONANTES DE SANGRE, 21;PLUS;URB.RESIDENCIAL;NACIONAL5;496’347.08 €;62%;190’201.76 €;100%; -   € 
PAÍS VASCO;VIZCAYA;IURRETA;204;;PXBI DURANGO INTXAURRONDO;PLUS;URB.RESIDENCIAL;NACIONAL6;479’386.01 €;-15%;552’202.43 €;-13%;626’151.62 €
CATALUÑA;BARCELONA;BARCELONA;140;29.06.18;PXB L OR, 48;PLUS;URB.COMERCIAL;NACIONAL6;465’414.07 €;15%;394’197.36 €;-11%;435’880.28 €
PAÍS VASCO;VIZCAYA;DERIO;240;26.08.15;PXBI DERIO;PLUS;URB.RESIDENCIAL;NACIONAL5;456’030.45 €;-6%;482’983.35 €;-21%;583’440.82 €
CASTILLA Y LEÓN;VALLADOLID;OLMEDO;210;16.04.13;PXVA OLMEDO;ESTANDAR;URB.RESIDENCIAL;NACIONAL4;452’780.24 €;10%;409’565.75 €;-27%;519’951.93 €
PAÍS VASCO;VIZCAYA;URDULIZ;236;29.08.18;PXBI AITA GOTZON - URDULIZ;ESTANDAR;URB.RESIDENCIAL;NACIONAL6;441’068.17 €;9%;399’599.35 €;-5%;418’893.41 €
CASTILLA LA MANCHA;CIUDAD REAL;ALCAZAR DE SAN JUAN;264;29.06.21;PXCR DR BONARDEL 2;ESTANDAR;URB.RESIDENCIAL;NACIONAL5;435’820.09 €;48%;225’675.88 €;100%; -   € 
PAÍS VASCO;VIZCAYA;BILBAO;272;04.09.20;PXBI ZURBARANBARRI;PLUS;URB.RESIDENCIAL;NACIONAL5;422’466.09 €;3%;407’851.65 €;57%;175’995.17 €
COMUNIDAD DE MADRID;MADRID;ALCORCON;214;26.11.20;PXM ALCORCÓN - SAN LUIS, 46;ESTANDAR;URB.RESIDENCIAL;NACIONAL7;419’358.83 €;0%;417’745.95 €;89%;46’376.77 €
CANTABRIA;CANTABRIA;PIELAGOS;104;24.01.16;PXS PUENTE ARCE 2;PLUS;URB.RESIDENCIAL;NACIONAL7;411’918.84 €;-4%;426’477.56 €;-14%;487’068.33 €
COMUNIDAD DE MADRID;MADRID;MOSTOLES;167;23.12.21;PXM MOSTOLES - VIOLETA, 18;ESTANDAR;URB.RESIDENCIAL;NACIONAL6;373’599.65 €;97%;11’396.51 €;100%; -   € 
PAÍS VASCO;GUIPÚZCOA;IRUN;113;23.04.15;PXSS IRÚN - PLAZA EIHERA, 12-13;PLUS;URB.RESIDENCIAL;NACIONAL6;371’017.93 €;10%;332’497.09 €;-10%;365’517.22 €
LA RIOJA;LA RIOJA;CENICERO;77;17.12.14;PXLO CENICERO;PLUS;URB.RESIDENCIAL;NACIONAL6;334’848.88 €;0%;334’106.41 €;-20%;402’383.24 €
LA RIOJA;LA RIOJA;VILLAMEDIANA DE IREGUA;141;14.11.14;PXLO CALLE PINTOR ROSALES 7;PLUS;URB.RESIDENCIAL;NACIONAL6;334’632.47 €;7%;310’415.94 €;-28%;397’842.56 €
COMUNIDAD DE MADRID;MADRID;MOSTOLES;128;23.12.20;PXM MOSTOLES - INMACULADA 2;ESTANDAR;URB.RESIDENCIAL;NACIONAL8;332’683.76 €;20%;267’279.23 €;97%;9’050.03 €
ANDALUCÍA;CÁDIZ;CHICLANA DE LA FRONTERA;241;;PXCA CHICLANA CTRA. LA BARROSA;XPLUS;URB.RESIDENCIAL;NACIONAL6;330’987.68 €;-10%;364’787.89 €;11%;323’647.48 €
LA RIOJA;LA RIOJA;VILLAMEDIANA DE IREGUA;113;10.12.14;PXLO CALLE JUAN BOSCÁN, 10;PLUS;URB.RESIDENCIAL;NACIONAL6;323’497.19 €;8%;296’780.08 €;-31%;387’821.95 €
LA RIOJA;LA RIOJA;LOGROÑO;190;06.09.19;PXLO CARIDAD, 5;PLUS;URB.RESIDENCIAL;NACIONAL5;306’407.70 €;-1%;309’813.08 €;-18%;365’860.15 €
CATALUÑA ;GERONA;SANT JOAN DE LES ABADESSES;303;26.11.21;PXGI SANT JOAN DE LES ABADESSES;ESTANDAR;URB.RESIDENCIAL;NACIONAL7;212’972.81 €;83%;36’413.62 €;100%; -   € 